<!--SimRoot parameter file-->
<SimulationModelIncludeFile>
	<SimulaDirective path="environment">
		<SimulaBase name="atmosphere">
			<SimulaConstant name="irradiation"  unit="uMol/cm2/day" note="par/rdd in lintul"> 
					2944
			</SimulaConstant>
			<SimulaConstant name="PAR/RDD"  unit="100%" >
					1. 
			</SimulaConstant>
			<SimulaTable name_colum2="precipitation" name_colum1="time" unit_colum1="day" unit_colum2="cm/day"> 
				0 0. 80 0.
			</SimulaTable>
			<SimulaTable name_colum2="evaporation" name_colum1="time" unit_colum1="day" unit_colum2="cm/day" interpolationMethod="step">
				0 0. 100 0.
			</SimulaTable>
		</SimulaBase>
	</SimulaDirective>
</SimulationModelIncludeFile>

		
