<!--SimRoot parameter file-->
<SimulationModelIncludeFile>
<!--environmental parameters start here. -->
	<SimulaDirective path="environment/soil">
				<SimulaBase name="nitrate">
				<!--depth: negative is below ground, 0 is soil surface -->
					<SimulaTable name_colum1="depth" unit_colum1="cm" name_colum2="concentration" unit_colum2="uMol/ml">
					
					<!--	 1000 0
						 0.00001    0
						 0 5.
						 -2 5.
						 -10 3.
						 -50 2.

						 -1000 2.-->
					<!--
						rocksprings at beginning of cropping season as measured by maria 
						HP: 100 0 0.01 0 0 50 -5 43.27 -15 24.35 -25 3.71 -35 2.15 -45 0.45 -55 0.33 -1000 0.33 
						LP: 100 0 0.01 0 0 2.8  -5 2.36 -15 4.02 -25 3.15 -35 2.17 -45 1.67 -55 1.59 -1000 1.59
						
june/4/2009
Depth	HN-NY	HN-OH	LN-NY	LN-OH
0 – 10	43.14	119.30	2.82	2.30
10 – 20	33.16	15.50	2.63	3.86
20 – 30	5.28	2.02	2.75	3.08
30 – 40	3.94	0.33	1.88	2.10
40 – 50	0.51	0.39	1.62	1.61
50 – 60	0.21	0.46	2.16	1.54
						
					-->

<!-- LP rocksprings had in the first 60 cm of the profile 152 umol N /cm2 = (time 1,4) 213 kg/ha -->
<!--Dunbabin mineral N in pot is 5 mg/kg that is a 10.2% water content and a bulk density of 1.55 about 2.259 mmol/l-->					
	         <!--5 mg/kg -> 1 2.259 -100 2.259-->
	         1 1 -100 1
	         <!--100 20 -1000 20-->
	        </SimulaTable>
					<SimulaTable name_colum1="depth" unit_colum1="cm" name_colum2="diffusionCoefficient" unit_colum2="cm2/day" >
					<!--Note, this is effective diffusion coefficient-->
					<!--Source: barber 1995, page 223 De=2.5E-6 cm2/s = 0.216 cm2/day -->
					<!--based on calculations, see below this should be 0.070 cm2/day -->
				<!--Lal R. 2006. Encyclopedia of soil science. CRC Press.
				Effective diffusion coeeficients at a volumetric water content of 0.4
				nitrate 1e-6 cm2/s  = 0.8
				potassium 1e-7 cm2/s  = 0.08
				phosphorus 1-9 cm2/s  = 0.0008
				-->					
						1000          1e-8
						0.00001    1e-8
						-0			0.07
						-1000		0.07
					</SimulaTable>	
					<SimulaTable name_colum1="depth" unit_colum1="cm" name_colum2="bufferPower" unit_colum2="noUnit" >
						1000		0.4
						-1000		0.4
					</SimulaTable>	
					<!-- 2cm, will mean about no competition, anything smaller will probably introduce competition-->
					<SimulaConstant name="r1-r0" unit="cm"> 4 </SimulaConstant>

					<!--following is for swms, note that tables with depth are allowed-->
					<SimulaConstant name="saturatedDiffusionCoefficient" unit="cm2/day">
					<!-- corresponding effective difussion coefficient if volumetric water content is 0.3 and saturated water content is 0.45:
						De= theta * tortuosity * D (dispersion is than ignored)

						tortuosity = (theta ^7/3) / (thetaS ^2)

						With dispersion we get in the longitudinal direction
						De+= (Dl-Dt) v ??
						
						De= 0.3 * (0.3^(7/3))/0.45 * 1.6416 = 0.0659
						
						assuming that water uptake is 0.00864 cm/day than dispersivity is
						
						Dd= (1-0.5)* 0.00864 = 0.00432
						
						Dd+De = 0.070
					
					--> 
					<!-- 
					Kreft JU, Picioreanu C, Wimpenny JW, van Loosdrecht MC. Individual-based modelling of biofilms. Microbiology. 2001 Nov147(Pt 11):2897-912. 
					diffusion coefficient of nitrate in water is 1700 um2/s = 1.469 cm2/day
					-->
					<!-- note to get a de of about 0.8 this needs to be about 20 -->
					<!--(Robinson & Stokes, 1965)
					 Diffusion constant for nitrate in free water is about 1e-9 m2/s =  0.864 cm2/day
					 
					-->
					1.6416
					</SimulaConstant>
					<SimulaConstant name="increaseTimeStep" >1.00</SimulaConstant>
					<SimulaConstant name="longitudinalDispersivity" unit="cm"> 1. </SimulaConstant>
					<SimulaConstant name="transverseDispersivity" unit="cm"> 0.5 </SimulaConstant>
					<SimulaConstant name="adsorptionCoefficient" unit="uMol/cm"> 0. </SimulaConstant>
 				</SimulaBase>


	</SimulaDirective>
	<SimulaDirective path="environment/atmosphere">
	    <SimulaTable name_colum2="concentrationInPrecipitation" name_colum1="time" unit_colum1="day" unit_colum2="umol" interpolationMethod="step"> 
		0 5 100 5
	   </SimulaTable>
	</SimulaDirective>
</SimulationModelIncludeFile>
	
