<?xml version="1.0" encoding="UTF-8"?>
	<!--Simroot input file, pot size study with Hendrik Poorter
	-->
<SimulationModelIncludeFile>
	<!--environmental parameters start here. -->
	<SimulaBase name="environment">
		<SimulaBase name="dimensions">
			<SimulaConstant
				name="minCorner"
				type="Coordinate">
				<!-- -13.33 -30 -30-->
				-1 -6 -1
			</SimulaConstant>
			<SimulaConstant
				name="maxCorner"
				type="Coordinate">
				<!-- 13.33 0 30-->
				1 0 1
			</SimulaConstant>
			<SimulaConstant
				name="roundPot"
				type="bool"> 1
			</SimulaConstant>
			<SimulaConstant
				name="resolution"
				type="Coordinate">
				<!-- 1 1 1-->
				0.1 0.1 0.1
			</SimulaConstant>
		</SimulaBase>
		<SimulaBase name="soil">
			<SimulaTable
				name_colum1="depth"
				unit_colum1="cm"
				name_colum2="bulkDensity"
				unit_colum2="g/cm3"> -100 1.24 100 1.24
			</SimulaTable>
		</SimulaBase>
	</SimulaBase>
	<SimulaIncludeFile fileName="environments/pots/water.xml" />
	<SimulaIncludeFile fileName="environments/pots/atmosphere.xml" />
	<SimulaIncludeFile fileName="environments/pots/nitrate.xml" />
	<SimulaIncludeFile fileName="environments/pots/phosphorus.xml" />
	<SimulaIncludeFile fileName="environments/pots/potassium.xml" />
	<SimulaIncludeFile fileName="environments/pots/organic.xml" />
	<SimulaDirective path="/soil/potassium">
		<SimulaConstant
			name="meshRefinementFactor"
			type="int"
			replacesPreviousDeclaration="xxx">1</SimulaConstant>
	</SimulaDirective>
</SimulationModelIncludeFile>