<?xml version="1.0" encoding="UTF-8"?>
<!--?xml-stylesheet type="text/xsl" href="tree-view2.xsl"? -->
<!--
Copyright © 2016, The Pennsylvania State University
All rights reserved.

Copyright © 2016 Forschungszentrum Jülich GmbH
All rights reserved.

Redistribution and use in source and binary forms, with or without modification, are permitted under the GNU General Public License v3 and provided that the following conditions are met:
1. Redistributions of source code must retain the above copyright notice, this list of conditions and the following disclaimer.
2. Redistributions in binary form must reproduce the above copyright notice, this list of conditions and the following disclaimer in the documentation and/or other materials provided with the distribution.
3. Neither the name of the copyright holder nor the names of its contributors may be used to endorse or promote products derived from this software without specific prior written permission.

Disclaimer
THIS SOFTWARE IS PROVIDED BY THE COPYRIGHT HOLDERS AND CONTRIBUTORS "AS IS" AND ANY EXPRESS OR IMPLIED WARRANTIES, INCLUDING, BUT NOT LIMITED TO, THE IMPLIED WARRANTIES OF MERCHANTABILITY AND FITNESS FOR A PARTICULAR PURPOSE ARE DISCLAIMED. IN NO EVENT SHALL THE COPYRIGHT HOLDER OR CONTRIBUTORS BE LIABLE FOR ANY DIRECT, INDIRECT, INCIDENTAL, SPECIAL, EXEMPLARY, OR CONSEQUENTIAL DAMAGES (INCLUDING, BUT NOT LIMITED TO, PROCUREMENT OF SUBSTITUTE GOODS OR SERVICES; LOSS OF USE, DATA, OR PROFITS; OR BUSINESS INTERRUPTION) HOWEVER CAUSED AND ON ANY THEORY OF LIABILITY, WHETHER IN CONTRACT, STRICT LIABILITY, OR TORT (INCLUDING NEGLIGENCE OR OTHERWISE) ARISING IN ANY WAY OUT OF THE USE OF THIS SOFTWARE, EVEN IF ADVISED OF THE POSSIBILITY OF SUCH DAMAGE.

You should have received the GNU GENERAL PUBLIC LICENSE v3 with this file in license.txt but can also be found at http://www.gnu.org/licenses/gpl-3.0.en.html

 -->
<!--
RCA distribution for genotype H99, according to data Burton 2010 of non-stressed plants
H99 is one of the parents of the NYH lines

Data burton H99:
class	basal	middle
1-Crown	0.00629582074036327	0.0598960024731063
2-Crown	0.00312323615295093	0.0431336270271526
3-Crown	0.0223509279632226	0.0747250530426387
Brace		0.0230829999339376
Primary	0.0808469015792986	0.0880988547575949
Seminal	0.0515463306688613	0.0826035701548033


	
-->
<SimulationModelIncludeFile>
	<SimulaDirective path="shoot">
		<SimulaConstant
			name="aerenchymaPhotosynthesisMitigation"
			unit="100%">
			0.5 <!--0 is no effect, 1 is full effect-->
		</SimulaConstant>
	</SimulaDirective>
	<SimulaDirective path="hypocotyl">
		<SimulaTable
			name_colum1="time since creation"
			unit_colum1="day"
			name_colum2="aerenchymaFormation"
			unit_colum2="100%"> 0 0.0 100 0.0
		</SimulaTable>
		<SimulaTable
			name_colum1="aerenchymaFormation"
			unit_colum1="100%"
			name_colum2="reductionInRespirationDueToAerenchyma"
			unit_colum2="100%"> 0.0 0.0 0.30 0.70 0.60 1.
		</SimulaTable>
	</SimulaDirective>
	<SimulaDirective path="primaryRoot">
		<SimulaTable
			name_colum1="time since creation"
			unit_colum1="day"
			name_colum2="aerenchymaFormation"
			unit_colum2="100%"> 0 0.0 3 0.0 5 0.045 10 0.088 1000 0.088
		</SimulaTable>
		<SimulaTable
			name_colum1="aerenchymaFormation"
			unit_colum1="100%"
			name_colum2="reductionInRespirationDueToAerenchyma"
			unit_colum2="100%"> 0.0 0.0 0.30 0.70 0.60 1.
		</SimulaTable>
	</SimulaDirective>
	<SimulaDirective path="braceroots">
		<SimulaTable
			name_colum1="time since creation"
			unit_colum1="day"
			name_colum2="aerenchymaFormation"
			unit_colum2="100%"> 0 0.0 3 0.0 5 0.05 10 0.11 1000 0.11
		</SimulaTable>
		<SimulaTable
			name_colum1="aerenchymaFormation"
			unit_colum1="100%"
			name_colum2="reductionInRespirationDueToAerenchyma"
			unit_colum2="100%"> 0.0 0.0 0.30 0.70 0.60 1.
		</SimulaTable>
	</SimulaDirective>
	<SimulaDirective path="braceroots2">
		<SimulaTable
			name_colum1="time since creation"
			unit_colum1="day"
			name_colum2="aerenchymaFormation"
			unit_colum2="100%"> 0 0.0 3 0.0 5 0.03 10 0.03 1000 0.03
		</SimulaTable>
		<SimulaTable
			name_colum1="aerenchymaFormation"
			unit_colum1="100%"
			name_colum2="reductionInRespirationDueToAerenchyma"
			unit_colum2="100%"> 0.0 0.0 0.30 0.70 0.60 1.
		</SimulaTable>
	</SimulaDirective>
	<SimulaDirective path="seminal">
		<SimulaTable
			name_colum1="time since creation"
			unit_colum1="day"
			name_colum2="aerenchymaFormation"
			unit_colum2="100%"> 0 0.0 3 0.0 5 0.042 10 0.083 1000 0.083
		</SimulaTable>
		<SimulaTable
			name_colum1="aerenchymaFormation"
			unit_colum1="100%"
			name_colum2="reductionInRespirationDueToAerenchyma"
			unit_colum2="100%"> 0.0 0.0 0.30 0.70 0.60 1.
		</SimulaTable>
	</SimulaDirective>
	<SimulaDirective path="nodalroots">
		<SimulaTable
			name_colum1="time since creation"
			unit_colum1="day"
			name_colum2="aerenchymaFormation"
			unit_colum2="100%"> 0 0.0 3 0.0 5 0.03 10 0.060 20 0.060 1000 0.060
		</SimulaTable>
		<SimulaTable
			name_colum1="aerenchymaFormation"
			unit_colum1="100%"
			name_colum2="reductionInRespirationDueToAerenchyma"
			unit_colum2="100%"> 0.0 0.0 0.30 0.70 0.60 1.
		</SimulaTable>
	</SimulaDirective>
	<SimulaDirective path="nodalroots2">
		<SimulaTable
			name_colum1="time since creation"
			unit_colum1="day"
			name_colum2="aerenchymaFormation"
			unit_colum2="100%"> 0 0.0 3 0.0 5 0.02 10 0.043 1000 0.043
		</SimulaTable>
		<SimulaTable
			name_colum1="aerenchymaFormation"
			unit_colum1="100%"
			name_colum2="reductionInRespirationDueToAerenchyma"
			unit_colum2="100%"> 0.0 0.0 0.30 0.70 0.60 1.
		</SimulaTable>
	</SimulaDirective>
	<SimulaDirective path="nodalroots3">
		<SimulaTable
			name_colum1="time since creation"
			unit_colum1="day"
			name_colum2="aerenchymaFormation"
			unit_colum2="100%"> 0 0.0 3 0.0 5 0.04 10 0.077 1000 0.077
		</SimulaTable>
		<SimulaTable
			name_colum1="aerenchymaFormation"
			unit_colum1="100%"
			name_colum2="reductionInRespirationDueToAerenchyma"
			unit_colum2="100%"> 0.0 0.0 0.30 0.70 0.60 1.
		</SimulaTable>
	</SimulaDirective>
	<SimulaDirective path="nodalroots4">
		<SimulaTable
			name_colum1="time since creation"
			unit_colum1="day"
			name_colum2="aerenchymaFormation"
			unit_colum2="100%"> 0 0.0 3 0.0 5 0.04 10 0.077 1000 0.077
		</SimulaTable>
		<SimulaTable
			name_colum1="aerenchymaFormation"
			unit_colum1="100%"
			name_colum2="reductionInRespirationDueToAerenchyma"
			unit_colum2="100%"> 0.0 0.0 0.30 0.70 0.60 1.
		</SimulaTable>
	</SimulaDirective>
	<SimulaDirective path="lateralOfCrownRoots">
		<SimulaTable
			name_colum1="time since creation"
			unit_colum1="day"
			name_colum2="aerenchymaFormation"
			unit_colum2="100%"> 0 0.0 100 0.0
		</SimulaTable>
		<SimulaTable
			name_colum1="aerenchymaFormation"
			unit_colum1="100%"
			name_colum2="reductionInRespirationDueToAerenchyma"
			unit_colum2="100%"> 0.0 0.0 0.30 0.70 0.60 1.
		</SimulaTable>
	</SimulaDirective>
	<SimulaDirective path="lateral">
		<SimulaTable
			name_colum1="time since creation"
			unit_colum1="day"
			name_colum2="aerenchymaFormation"
			unit_colum2="100%"> 0 0.0 100 0.0
		</SimulaTable>
		<SimulaTable
			name_colum1="aerenchymaFormation"
			unit_colum1="100%"
			name_colum2="reductionInRespirationDueToAerenchyma"
			unit_colum2="100%"> 0.0 0.0 0.30 0.70 0.60 1.
		</SimulaTable>
	</SimulaDirective>
	<SimulaDirective path="finelateral">
		<SimulaTable
			name_colum1="time since creation"
			unit_colum1="day"
			name_colum2="aerenchymaFormation"
			unit_colum2="100%"> 0 0.0 100 0.0
		</SimulaTable>
		<SimulaTable
			name_colum1="aerenchymaFormation"
			unit_colum1="100%"
			name_colum2="reductionInRespirationDueToAerenchyma"
			unit_colum2="100%"> 0.0 0.0 0.30 0.70 0.60 1.
		</SimulaTable>
	</SimulaDirective>
	<SimulaDirective path="finelateral2">
		<SimulaTable
			name_colum1="time since creation"
			unit_colum1="day"
			name_colum2="aerenchymaFormation"
			unit_colum2="100%"> 0 0.0 100 0.0
		</SimulaTable>
		<SimulaTable
			name_colum1="aerenchymaFormation"
			unit_colum1="100%"
			name_colum2="reductionInRespirationDueToAerenchyma"
			unit_colum2="100%"> 0.0 0.0 0.30 0.70 0.60 1.
		</SimulaTable>
	</SimulaDirective>
</SimulationModelIncludeFile>