<?xml version="1.0" encoding="UTF-8"?>
<!--?xml-stylesheet type="text/xsl" href="tree-view2.xsl"? -->
<!--
Copyright © 2016, The Pennsylvania State University
All rights reserved.

Copyright © 2016 Forschungszentrum Jülich GmbH
All rights reserved.

Redistribution and use in source and binary forms, with or without modification, are permitted under the GNU General Public License v3 and provided that the following conditions are met:
1. Redistributions of source code must retain the above copyright notice, this list of conditions and the following disclaimer.
2. Redistributions in binary form must reproduce the above copyright notice, this list of conditions and the following disclaimer in the documentation and/or other materials provided with the distribution.
3. Neither the name of the copyright holder nor the names of its contributors may be used to endorse or promote products derived from this software without specific prior written permission.

Disclaimer
THIS SOFTWARE IS PROVIDED BY THE COPYRIGHT HOLDERS AND CONTRIBUTORS "AS IS" AND ANY EXPRESS OR IMPLIED WARRANTIES, INCLUDING, BUT NOT LIMITED TO, THE IMPLIED WARRANTIES OF MERCHANTABILITY AND FITNESS FOR A PARTICULAR PURPOSE ARE DISCLAIMED. IN NO EVENT SHALL THE COPYRIGHT HOLDER OR CONTRIBUTORS BE LIABLE FOR ANY DIRECT, INDIRECT, INCIDENTAL, SPECIAL, EXEMPLARY, OR CONSEQUENTIAL DAMAGES (INCLUDING, BUT NOT LIMITED TO, PROCUREMENT OF SUBSTITUTE GOODS OR SERVICES; LOSS OF USE, DATA, OR PROFITS; OR BUSINESS INTERRUPTION) HOWEVER CAUSED AND ON ANY THEORY OF LIABILITY, WHETHER IN CONTRACT, STRICT LIABILITY, OR TORT (INCLUDING NEGLIGENCE OR OTHERWISE) ARISING IN ANY WAY OUT OF THE USE OF THIS SOFTWARE, EVEN IF ADVISED OF THE POSSIBILITY OF SUCH DAMAGE.

You should have received the GNU GENERAL PUBLIC LICENSE v3 with this file in license.txt but can also be found at http://www.gnu.org/licenses/gpl-3.0.en.html

 -->
<SimulationModelIncludeFile>
	<SimulaBase name="straightRoot">
		<SimulaBase name="resources"></SimulaBase>
		<SimulaBase name="shoot">
			<SimulaConstant
				name="relativePotentialTranspiration"
				unit="cm3/cm2/day"> 0.001
			</SimulaConstant>
			<SimulaConstant
				name="extinctionCoefficient"
				unit="noUnit"
				note="KDF in lintul"> 0.9
			</SimulaConstant>
			<SimulaTable
				name_colum1="time"
				name_colum2="specificLeafArea"
				unit_colum1="day"
				unit_colum2="g/cm2"
				note="SLA in lintul"> 0 0.0015 24 0.0025 40 0.0030 60 0.0030
			</SimulaTable>
			<SimulaConstant
				name="lightUseEfficiency"
				unit="g/uMol"
				note="LUE in lintul"> 0.42E-6
			</SimulaConstant>
			<SimulaConstant
				name="areaPerPlant"
				unit="cm2"> 660
			</SimulaConstant>
			<SimulaTable
				name_colum1="time"
				name_colum2="leafAreaExpantionRate"
				unit_colum1="day"
				unit_colum2="cm2/day"> 0 0.1 28 0.1
			</SimulaTable>
			<SimulaBase name="potassium">
				<SimulaConstant
					name="leafOptimalNutrientConcentration"
					unit="uMol/g"> 430</SimulaConstant>
				<SimulaConstant
					name="leafMinimalNutrientConcentration"
					unit="uMol/g"> 273</SimulaConstant>
				<SimulaConstant
					name="stemOptimalNutrientConcentration"
					unit="uMol/g"> 215</SimulaConstant>
				<SimulaConstant
					name="stemMinimalNutrientConcentration"
					unit="uMol/g"> 100</SimulaConstant>
			</SimulaBase>
		</SimulaBase>
		<SimulaBase name="hypocotyl">
			<SimulaBase name="branchList">
			</SimulaBase>
			<SimulaConstant
				name="density"
				unit="g/cm3"> 0.1
			</SimulaConstant>
			<SimulaTable
				name_colum1="days after germination"
				unit_colum1="day"
				name_colum2="growthRate"
				unit_colum2="cm/day"> 0 1. 2 1. 3. 0. 28 0.
			</SimulaTable>
			<SimulaConstant
				name="diameter"
				unit="cm"> 0.1
			</SimulaConstant>
			<SimulaConstant
				name="branchingAngle"
				unit="degrees"> 0
			</SimulaConstant>
			<SimulaConstant
				name="numberOfXylemPoles"
				type="int"> 4
			</SimulaConstant>
			<SimulaStochastic
				name="soilImpedence.v2"
				unit="cm"
				type="Coordinate"
				distribution="uniform"
				minimum="-0.005"
				maximum="0.005" />
			<SimulaStochastic
				name="gravitropism.v2"
				unit="cm"
				type="Coordinate"
				distribution="uniform"
				minimum="-0.15"
				maximum="-0.05" />
			<SimulaBase name="potassium">
				<SimulaConstant
					name="Imax"
					unit="uMol/cm2/day">2.592</SimulaConstant>
				<SimulaConstant
					name="Km"
					unit="uMol/ml"> 14e-3</SimulaConstant>
				<SimulaConstant
					name="Cmin"
					unit="uMol/ml"> 1e-3</SimulaConstant>
				<SimulaConstant
					name="optimalNutrientConcentration"
					unit="uMol/g"> 234</SimulaConstant>
				<SimulaConstant
					name="minimalNutrientConcentration"
					unit="uMol/g"> 168</SimulaConstant>
			</SimulaBase>
			<SimulaConstant
				name="bottomBoundary"
				type="bool">1</SimulaConstant>
			<SimulaConstant
				name="bounceOfTheSide"
				type="bool">1</SimulaConstant>
		</SimulaBase>
		<SimulaBase name="primaryRoot">
			<SimulaBase name="branchList">
					<!--SimulaBase name="lateral">
						<SimulaStochastic
							name="branchingFrequency"
							unit="cm"
							distribution="uniform"
							minimum="0.5"
							maximum="0.5" />
						<SimulaConstant
							name="lengthRootTip"
							unit="cm"> 5
						</SimulaConstant>
						<SimulaConstant
							name="branchingSpatialOffset"
							unit="cm"> 4.0
						</SimulaConstant>
						<SimulaConstant
							name="allowBranchesToFormAboveGround"
							type="bool">false</SimulaConstant>
					</SimulaBase-->
			</SimulaBase>
			<SimulaConstant
				name="density"
				unit="g/cm3"> 0.1
			</SimulaConstant>
			<SimulaTable
				name_colum1="days after germination"
				unit_colum1="day"
				name_colum2="growthRate"
				unit_colum2="cm/day">
				0 1. 4. 1. 6. 0. 28 0
					<!-- SimulaStochastic name="multiplier" unit="cm" distribution="uniform" minimum="0.5" maximum="1.5" / -->
					<!-- SimulaStochastic name="multiplier" unit="cm" distribution="normal" mean="1" stdev="0.3" minimum="0.5" maximum="1.5" / -->
			</SimulaTable>
			<SimulaConstant
				name="diameter"
				unit="cm"> 0.1
			</SimulaConstant>
			<SimulaConstant
				name="branchingAngle"
				unit="degrees"> 0
			</SimulaConstant>
			<SimulaConstant
				name="numberOfXylemPoles"
				type="int"> 4
			</SimulaConstant>
			<SimulaStochastic
				name="soilImpedence.v2"
				unit="cm"
				type="Coordinate"
				distribution="uniform"
				minimum="-0.005"
				maximum="0.005" />
			<SimulaStochastic
				name="gravitropism.v2"
				unit="cm"
				type="Coordinate"
				distribution="uniform"
				minimum="-0.15"
				maximum="-0.05" />
			<SimulaBase name="potassium">
				<SimulaConstant
					name="Imax"
					unit="uMol/cm2/day">2.592</SimulaConstant>
				<SimulaConstant
					name="Km"
					unit="uMol/ml"> 14e-3</SimulaConstant>
				<SimulaConstant
					name="Cmin"
					unit="uMol/ml"> 1e-3</SimulaConstant>
				<SimulaConstant
					name="optimalNutrientConcentration"
					unit="uMol/g"> 234</SimulaConstant>
				<SimulaConstant
					name="minimalNutrientConcentration"
					unit="uMol/g"> 168</SimulaConstant>
			</SimulaBase>
			<SimulaConstant
				name="bottomBoundary"
				type="bool">1</SimulaConstant>
			<SimulaConstant
				name="bounceOfTheSide"
				type="bool">1</SimulaConstant>
		</SimulaBase>
		<SimulaBase name="lateral">
			<SimulaBase name="branchList">
			</SimulaBase>
			<SimulaConstant
				name="density"
				unit="g/cm3"> 0.1
			</SimulaConstant>
			<SimulaTable
				name_colum1="days after germination"
				unit_colum1="day"
				name_colum2="growthRate"
				unit_colum2="cm/day">
				0 0.2 5. 0. 28 0.
					<!-- SimulaStochastic name="multiplier" unit="cm" distribution="uniform" minimum="0.5" maximum="1.5" / -->
					<!-- SimulaStochastic name="multiplier" unit="cm" distribution="normal" mean="1" stdev="0.3" minimum="0.5" maximum="1.5" / -->
			</SimulaTable>
			<SimulaConstant
				name="diameter"
				unit="cm"> 0.01
			</SimulaConstant>
			<SimulaConstant
				name="branchingAngle"
				unit="degrees"> 90
			</SimulaConstant>
			<SimulaConstant
				name="numberOfXylemPoles"
				type="int"> 4
			</SimulaConstant>
			<SimulaStochastic
				name="soilImpedence.v2"
				unit="cm"
				type="Coordinate"
				distribution="uniform"
				minimum="-0.05"
				maximum="0.05" />
			<SimulaStochastic
				name="gravitropism.v2"
				unit="cm"
				type="Coordinate"
				distribution="uniform"
				minimum="-0.015"
				maximum="-0.005" />
			<SimulaBase name="potassium">
				<SimulaConstant
					name="Imax"
					unit="uMol/cm2/day">2.592</SimulaConstant>
				<SimulaConstant
					name="Km"
					unit="uMol/ml"> 14e-3</SimulaConstant>
				<SimulaConstant
					name="Cmin"
					unit="uMol/ml"> 1e-3</SimulaConstant>
				<SimulaConstant
					name="optimalNutrientConcentration"
					unit="uMol/g"> 234</SimulaConstant>
				<SimulaConstant
					name="minimalNutrientConcentration"
					unit="uMol/g"> 168</SimulaConstant>
			</SimulaBase>
			<SimulaConstant
				name="bottomBoundary"
				type="bool">1</SimulaConstant>
			<SimulaConstant
				name="bounceOfTheSide"
				type="bool">1</SimulaConstant>
		</SimulaBase>
	</SimulaBase>
</SimulationModelIncludeFile>