<?xml version="1.0" encoding="UTF-8"?>
<!--?xml-stylesheet type="text/xsl" href="tree-view2.xsl"? -->
<!--
Copyright © 2016, The Pennsylvania State University
All rights reserved.

Copyright © 2016 Forschungszentrum Jülich GmbH
All rights reserved.

Redistribution and use in source and binary forms, with or without modification, are permitted under the GNU General Public License v3 and provided that the following conditions are met:
1. Redistributions of source code must retain the above copyright notice, this list of conditions and the following disclaimer.
2. Redistributions in binary form must reproduce the above copyright notice, this list of conditions and the following disclaimer in the documentation and/or other materials provided with the distribution.
3. Neither the name of the copyright holder nor the names of its contributors may be used to endorse or promote products derived from this software without specific prior written permission.

Disclaimer
THIS SOFTWARE IS PROVIDED BY THE COPYRIGHT HOLDERS AND CONTRIBUTORS "AS IS" AND ANY EXPRESS OR IMPLIED WARRANTIES, INCLUDING, BUT NOT LIMITED TO, THE IMPLIED WARRANTIES OF MERCHANTABILITY AND FITNESS FOR A PARTICULAR PURPOSE ARE DISCLAIMED. IN NO EVENT SHALL THE COPYRIGHT HOLDER OR CONTRIBUTORS BE LIABLE FOR ANY DIRECT, INDIRECT, INCIDENTAL, SPECIAL, EXEMPLARY, OR CONSEQUENTIAL DAMAGES (INCLUDING, BUT NOT LIMITED TO, PROCUREMENT OF SUBSTITUTE GOODS OR SERVICES; LOSS OF USE, DATA, OR PROFITS; OR BUSINESS INTERRUPTION) HOWEVER CAUSED AND ON ANY THEORY OF LIABILITY, WHETHER IN CONTRACT, STRICT LIABILITY, OR TORT (INCLUDING NEGLIGENCE OR OTHERWISE) ARISING IN ANY WAY OUT OF THE USE OF THIS SOFTWARE, EVEN IF ADVISED OF THE POSSIBILITY OF SUCH DAMAGE.

You should have received the GNU GENERAL PUBLIC LICENSE v3 with this file in license.txt but can also be found at http://www.gnu.org/licenses/gpl-3.0.en.html

 -->
<!-- contains parameters for how the root growth should respond to local nutrient concentrations -->
<SimulationModelIncludeFile>
	<SimulaDirective path="defaults">
		<SimulaBase name="localResourceResponses">
			<SimulaBase name="impactOn:rootPotentialLongitudinalGrowth">
				<SimulaConstant
					name="aggregationFunction"
					type="string">maxRelativeDeviationFromOne
				</SimulaConstant>
				<SimulaTable
					name_colum2="impactBy:phosphorus"
					name_colum1="localConcentration">0 0.2 15e-3 1.0 1000 1</SimulaTable>
				<SimulaTable
					name_colum2="impactBy:potassium"
					name_colum1="localConcentration">0 1 1000 1</SimulaTable>
				<SimulaTable
					name_colum2="impactBy:nitrate"
					name_colum1="localConcentration">
			<!-- according to zhang et al  1999 (PNAS) 50 uM increases lateral root growth arabidopsis 1.5x, 100 uM by 2x and 1000uM 2.5 x 10000um 3x 
			rest of root system had 10 uM but zhang claims there is onlz inhibition if the shoot has high N-->
					-10 1.5 50 1.5 100 1 2000 1
				</SimulaTable>
			</SimulaBase>
			<SimulaBase name="impactOn:gravitropism">
				<SimulaConstant
					name="aggregationFunction"
					type="string">maxRelativeDeviationFromOne
				</SimulaConstant>
				<SimulaTable
					name_colum2="impactBy:phosphorus"
					name_colum1="localConcentration">0 1 1000 1</SimulaTable>
				<SimulaTable
					name_colum2="impactBy:potassium"
					name_colum1="localConcentration"> 0 1 1000 1</SimulaTable>
				<SimulaTable
					name_colum2="impactBy:nitrate"
					name_colum1="localConcentration"> 0 1 2000 1</SimulaTable>
			</SimulaBase>
			<SimulaBase name="impactOn:branchingFrequency">
		<!-- fine laterals -->
				<SimulaConstant
					name="aggregationFunction"
					type="string">maxRelativeDeviationFromOne
				</SimulaConstant>
				<SimulaTable
					name_colum2="impactBy:phosphorus"
					name_colum1="localConcentration">0 0.5 15e-3 1 1000 1</SimulaTable>
				<SimulaTable
					name_colum2="impactBy:potassium"
					name_colum1="localConcentration"> 0 1 1000 1</SimulaTable>
				<SimulaTable
					name_colum2="impactBy:nitrate"
					name_colum1="localConcentration"> 0 1 2000 1</SimulaTable>
			</SimulaBase>
		<!-- SimulaBase name="impactOn:soilImpedence">
			<SimulaConstant name="aggregationFunction" type="string">maxRelativeDeviationFromOne
			</SimulaConstant>
			<SimulaTable name_colum2="impactBy:bulkDensity" name_colum1="bulkDensity" unit_colum1="g/cm3" unit_colum2="100%">
				0 0 1 0 3 200
			</SimulaTable>
			<SimulaTable name_colum2="impactBy:phosphorus" name_colum1="localConcentration">0 10 14e-3 10 15e-3 0.5 1000 0.5</SimulaTable>
			<SimulaTable name_colum2="impactBy:potassium" name_colum1="localConcentration">0 1 1000 1</SimulaTable>
			<SimulaTable name_colum2="impactBy:nitrate" name_colum1="localConcentration">
				0 1 100 1 2000 1
			</SimulaTable>
		</SimulaBase-->
		</SimulaBase>
	</SimulaDirective>
	<SimulaDirective path="defaultsMajorAxis">
		<SimulaBase name="localResourceResponses">
			<SimulaBase name="impactOn:rootPotentialLongitudinalGrowth">
				<SimulaConstant
					name="aggregationFunction"
					type="string">maxRelativeDeviationFromOne
				</SimulaConstant>
				<SimulaTable
					name_colum2="impactBy:phosphorus"
					name_colum1="localConcentration">0 0.2 15e-3 1 1000 1</SimulaTable>
				<SimulaTable
					name_colum2="impactBy:potassium"
					name_colum1="localConcentration"> 0 1 1000 1</SimulaTable>
				<SimulaTable
					name_colum2="impactBy:nitrate"
					name_colum1="localConcentration">
			<!-- according to zhang et al  1999 (PNAS) 50 uM increases lateral root growth arabidopsis 1.5x, 100 uM by 2x and 1000uM 2.5 x 10000um 3x 
			rest of root system had 10 uM but zhang claims there is onlz inhibition if the shoot has high N-->
					0 1 2000 1
				</SimulaTable>
			</SimulaBase>
			<SimulaBase name="impactOn:gravitropism">
				<SimulaConstant
					name="aggregationFunction"
					type="string">maxRelativeDeviationFromOne
				</SimulaConstant>
				<SimulaTable
					name_colum2="impactBy:phosphorus"
					name_colum1="localConcentration">0 0.5 15e-3 2. 1000 0.5</SimulaTable>
				<SimulaTable
					name_colum2="impactBy:potassium"
					name_colum1="localConcentration"> 0 1 1000 1</SimulaTable>
				<SimulaTable
					name_colum2="impactBy:nitrate"
					name_colum1="localConcentration"> 0 1.5 100 1 2000 1
				</SimulaTable>
			</SimulaBase>
			<SimulaBase name="impactOn:branchingFrequency">
		<!-- note that branching freq is in cm, so lower numbers, more branches!
		     also note that this will influence the branches that branch from this axis, independent from the class of that branch -->
		     
<!-- logic should be: if plant is low on P produce more branches, but in the domain with high P, 
if a plant is low on N, produces fewer branches, but still produce more in high N regions.  
even better, 
if low on P produce more higher order branches in areas with high P, if low on N produces few high order branches especially in low N areas. 

if carbon status is good - produce more branches (this would replace the allometric scaling factor?)
-->
				<SimulaConstant
					name="aggregationFunction"
					type="string">maxRelativeDeviationFromOne
				</SimulaConstant>
				<SimulaTable
					name_colum2="impactBy:phosphorus"
					name_colum1="localConcentration">0 0.2 15e-3 1. 1000 1.</SimulaTable>
				<SimulaTable
					name_colum2="impactBy:potassium"
					name_colum1="localConcentration"> 0 1 1000 1</SimulaTable>
				<SimulaTable
					name_colum2="impactBy:nitrate"
					name_colum1="localConcentration"> 0 1 2000 1
				</SimulaTable>
			</SimulaBase>
		<!-- SimulaBase name="impactOn:soilImpedence">
			<SimulaConstant name="aggregationFunction" type="string">maxRelativeDeviationFromOne
			</SimulaConstant>
			<SimulaTable name_colum2="impactBy:bulkDensity" name_colum1="bulkDensity" unit_colum1="g/cm3" unit_colum2="100%">
				0 0 1 0 3 200
			</SimulaTable>
			<SimulaTable name_colum2="impactBy:phosphorus" name_colum1="localConcentration">0 10 14e-3 10 15e-3 0.5 1000 0.5</SimulaTable>
			<SimulaTable name_colum2="impactBy:potassium" name_colum1="localConcentration">0 1 1000 1</SimulaTable>
			<SimulaTable name_colum2="impactBy:nitrate" name_colum1="localConcentration">
				0 1 100 1 2000 1
			</SimulaTable>
		</SimulaBase-->
		</SimulaBase>
	</SimulaDirective>
	<SimulaDirective path="hypocotyl">
		<SimulaBase name="localResourceResponses">
			<SimulaBase name="impactOn:rootPotentialLongitudinalGrowth">
				<SimulaConstant
					name="aggregationFunction"
					type="string">maxRelativeDeviationFromOne
				</SimulaConstant>
				<SimulaTable
					name_colum2="impactBy:phosphorus"
					name_colum1="localConcentration">0 1 1000 1</SimulaTable>
				<SimulaTable
					name_colum2="impactBy:potassium"
					name_colum1="localConcentration"> 0 1 1000 1</SimulaTable>
				<SimulaTable
					name_colum2="impactBy:nitrate"
					name_colum1="localConcentration"> 0 1 10000 1</SimulaTable>
			</SimulaBase>
			<SimulaBase name="impactOn:gravitropism">
				<SimulaConstant
					name="aggregationFunction"
					type="string">maxRelativeDeviationFromOne
				</SimulaConstant>
				<SimulaTable
					name_colum2="impactBy:phosphorus"
					name_colum1="localConcentration">0 1 1000 1</SimulaTable>
				<SimulaTable
					name_colum2="impactBy:potassium"
					name_colum1="localConcentration"> 0 1 1000 1</SimulaTable>
				<SimulaTable
					name_colum2="impactBy:nitrate"
					name_colum1="localConcentration"> 0 1 10000 1</SimulaTable>
			</SimulaBase>
			<SimulaBase name="impactOn:branchingFrequency">
		<!-- fine laterals -->
				<SimulaConstant
					name="aggregationFunction"
					type="string">maxRelativeDeviationFromOne
				</SimulaConstant>
				<SimulaTable
					name_colum2="impactBy:phosphorus"
					name_colum1="localConcentration">0 1 1000 1</SimulaTable>
				<SimulaTable
					name_colum2="impactBy:potassium"
					name_colum1="localConcentration"> 0 1 1000 1</SimulaTable>
				<SimulaTable
					name_colum2="impactBy:nitrate"
					name_colum1="localConcentration"> 0 1 10000 1</SimulaTable>
			</SimulaBase>
		<!-- SimulaBase name="impactOn:soilImpedence">
			<SimulaConstant name="aggregationFunction" type="string">maxRelativeDeviationFromOne
			</SimulaConstant>
			<SimulaTable name_colum2="impactBy:bulkDensity" name_colum1="bulkDensity" unit_colum1="g/cm3" unit_colum2="100%">
				0 0 1 0 3 200
			</SimulaTable>
			<SimulaTable name_colum2="impactBy:phosphorus" name_colum1="localConcentration">0 10 14e-3 10 15e-3 0.5 1000 0.5</SimulaTable>
			<SimulaTable name_colum2="impactBy:potassium" name_colum1="localConcentration">0 1 1000 1</SimulaTable>
			<SimulaTable name_colum2="impactBy:nitrate" name_colum1="localConcentration">
				0 1 100 1 2000 1
			</SimulaTable>
		</SimulaBase-->
		</SimulaBase>
	</SimulaDirective>
</SimulationModelIncludeFile>