<?xml version="1.0" encoding="UTF-8"?>
<!--?xml-stylesheet type="text/xsl" href="tree-view2.xsl"? -->
<!--
Copyright © 2016, The Pennsylvania State University
All rights reserved.

Copyright © 2016 Forschungszentrum Jülich GmbH
All rights reserved.

Redistribution and use in source and binary forms, with or without modification, are permitted under the GNU General Public License v3 and provided that the following conditions are met:
1. Redistributions of source code must retain the above copyright notice, this list of conditions and the following disclaimer.
2. Redistributions in binary form must reproduce the above copyright notice, this list of conditions and the following disclaimer in the documentation and/or other materials provided with the distribution.
3. Neither the name of the copyright holder nor the names of its contributors may be used to endorse or promote products derived from this software without specific prior written permission.

Disclaimer
THIS SOFTWARE IS PROVIDED BY THE COPYRIGHT HOLDERS AND CONTRIBUTORS "AS IS" AND ANY EXPRESS OR IMPLIED WARRANTIES, INCLUDING, BUT NOT LIMITED TO, THE IMPLIED WARRANTIES OF MERCHANTABILITY AND FITNESS FOR A PARTICULAR PURPOSE ARE DISCLAIMED. IN NO EVENT SHALL THE COPYRIGHT HOLDER OR CONTRIBUTORS BE LIABLE FOR ANY DIRECT, INDIRECT, INCIDENTAL, SPECIAL, EXEMPLARY, OR CONSEQUENTIAL DAMAGES (INCLUDING, BUT NOT LIMITED TO, PROCUREMENT OF SUBSTITUTE GOODS OR SERVICES; LOSS OF USE, DATA, OR PROFITS; OR BUSINESS INTERRUPTION) HOWEVER CAUSED AND ON ANY THEORY OF LIABILITY, WHETHER IN CONTRACT, STRICT LIABILITY, OR TORT (INCLUDING NEGLIGENCE OR OTHERWISE) ARISING IN ANY WAY OUT OF THE USE OF THIS SOFTWARE, EVEN IF ADVISED OF THE POSSIBILITY OF SUCH DAMAGE.

You should have received the GNU GENERAL PUBLIC LICENSE v3 with this file in license.txt but can also be found at http://www.gnu.org/licenses/gpl-3.0.en.html

 -->
	<!-- Data from Miguelize: root hair length: short: 0.38 mm, long is 0.54 mm (full range 0.36-0.59-->
	<!-- Data from Miguelize: root hair density: 100-400 hairs/mm2 (this should be corrected for curvature. rougly 2/3
	     This density seems much to high, about 10 times
	-->
	<!-- Ma et al 20001: arabidopsis: 24-120 hairs /mm root -->
	<!-- Foehse and Younk 1983: tomato, rape and spinache: length 0.1-0.7 mm, density 10-100 hairs/mm -->
	<!-- Yan et al 20004 (xiaolong whith lynch): Bean: 40-80 hairs/mm for basal roots and 100 hairs/mm for primary root
	      length only 20-50 um which is 0.02-0.05 mm, really short
	      g19833 here has dens hairs (230/mm for basal, 140/mm for primary root)
	--> 
	<!-- fohse et al 1991: bean 50 hairs/mm, 0.2 mm long. This reference has many other species ! -->
	<!-- 50 hairs/mm on a basal root of 0.9 mm in diameter (secondary growth should not increase number of hairs)
	     = 50 / (0.9*PI*1) = 17.68 hairs / mm2 = 1768 #/cm2
	-->
	<!-- Zhu et al 2005: root hair length maize: 1-4 mm  most are 2 mm-->
	<!-- Kwhan says many roots in the field have no hairs at all. He did not find hairs below ~20? cm or so -->
	<!--MacKay and Barber 1985: maize: roothair density, varying with p and moisture content: 150-1800 hairs/cm
	    500 hairs/cm here is a good approximation
	    
	--> 
	<!-- MacKay and Barber 1985: roothair length and density for maize on silt clay loam:
	length 0.26-0.29 mm : density moist 388-599 hairs/cm dry soil : 1623-1655 hairs/cm
	-->
<SimulationModelIncludeFile>
	<SimulaDirective path="hypocotyl">
		<SimulaTable
			name_colum1="time since creation"
			unit_colum1="day"
			name_colum2="rootHairLength"
			unit_colum2="cm"> 0 0 1 0 2 0.028 2000 0.028
		</SimulaTable>
		<SimulaConstant
			name="rootHairDiameter"
			unit="cm">5e-4</SimulaConstant>
		<SimulaTable
			name_colum1="time since creation"
			unit_colum1="day"
			name_colum2="rootHairDensity"
			unit_colum2="#/cm2"> 0 0 2000 0
		</SimulaTable>
	</SimulaDirective>
	<SimulaDirective path="primaryRoot">
		<SimulaTable
			name_colum1="time since creation"
			unit_colum1="day"
			name_colum2="rootHairLength"
			unit_colum2="cm"> 0 0 1 0 2 0.028 2000 0.028
		</SimulaTable>
		<SimulaConstant
			name="rootHairDiameter"
			unit="cm">5e-4</SimulaConstant>
		<SimulaTable
			name_colum1="time since creation"
			unit_colum1="day"
			name_colum2="rootHairDensity"
			unit_colum2="#/cm2"> 0 2000 1 2000 2 2000 10 2000 30 0 2000 0
		</SimulaTable>
	</SimulaDirective>
	<SimulaDirective path="braceroots">
		<SimulaTable
			name_colum1="time since creation"
			unit_colum1="day"
			name_colum2="rootHairLength"
			unit_colum2="cm"> 0 0 1 0 2 0.028 2000 0.028
		</SimulaTable>
		<SimulaConstant
			name="rootHairDiameter"
			unit="cm">5e-4</SimulaConstant>
		<SimulaTable
			name_colum1="time since creation"
			unit_colum1="day"
			name_colum2="rootHairDensity"
			unit_colum2="#/cm2"> 0 2000 1 2000 2 2000 10 2000 30 0 2000 0
		</SimulaTable>
	</SimulaDirective>
	<SimulaDirective path="braceroots2">
		<SimulaTable
			name_colum1="time since creation"
			unit_colum1="day"
			name_colum2="rootHairLength"
			unit_colum2="cm"> 0 0 1 0 2 0.028 2000 0.028
		</SimulaTable>
		<SimulaConstant
			name="rootHairDiameter"
			unit="cm">5e-4</SimulaConstant>
		<SimulaTable
			name_colum1="time since creation"
			unit_colum1="day"
			name_colum2="rootHairDensity"
			unit_colum2="#/cm2"> 0 2000 1 2000 2 2000 10 2000 30 0 2000 0
		</SimulaTable>
	</SimulaDirective>
	<SimulaDirective path="seminal">
		<SimulaTable
			name_colum1="time since creation"
			unit_colum1="day"
			name_colum2="rootHairLength"
			unit_colum2="cm"> 0 0 1 0 2 0.028 2000 0.028
		</SimulaTable>
		<SimulaConstant
			name="rootHairDiameter"
			unit="cm">5e-4</SimulaConstant>
		<SimulaTable
			name_colum1="time since creation"
			unit_colum1="day"
			name_colum2="rootHairDensity"
			unit_colum2="#/cm2"> 0 2000 1 2000 2 2000 10 2000 30 0 2000 0
		</SimulaTable>
	</SimulaDirective>
	<SimulaDirective path="nodalroots">
		<SimulaTable
			name_colum1="time since creation"
			unit_colum1="day"
			name_colum2="rootHairLength"
			unit_colum2="cm"> 0 0 1 0 2 0.028 2000 0.028
		</SimulaTable>
		<SimulaConstant
			name="rootHairDiameter"
			unit="cm">5e-4</SimulaConstant>
		<SimulaTable
			name_colum1="time since creation"
			unit_colum1="day"
			name_colum2="rootHairDensity"
			unit_colum2="#/cm2"> 0 2000 1 2000 2 2000 10 2000 30 0 2000 0
		</SimulaTable>
	</SimulaDirective>
	<SimulaDirective path="nodalroots2">
		<SimulaTable
			name_colum1="time since creation"
			unit_colum1="day"
			name_colum2="rootHairLength"
			unit_colum2="cm"> 0 0 1 0 2 0.028 2000 0.028
		</SimulaTable>
		<SimulaConstant
			name="rootHairDiameter"
			unit="cm">5e-4</SimulaConstant>
		<SimulaTable
			name_colum1="time since creation"
			unit_colum1="day"
			name_colum2="rootHairDensity"
			unit_colum2="#/cm2"> 0 2000 1 2000 2 2000 10 2000 30 0 2000 0
		</SimulaTable>
	</SimulaDirective>
	<SimulaDirective path="nodalroots3">
		<SimulaTable
			name_colum1="time since creation"
			unit_colum1="day"
			name_colum2="rootHairLength"
			unit_colum2="cm"> 0 0 1 0 2 0.028 2000 0.028
		</SimulaTable>
		<SimulaConstant
			name="rootHairDiameter"
			unit="cm">5e-4</SimulaConstant>
		<SimulaTable
			name_colum1="time since creation"
			unit_colum1="day"
			name_colum2="rootHairDensity"
			unit_colum2="#/cm2"> 0 2000 1 2000 2 2000 10 2000 30 0 2000 0
		</SimulaTable>
	</SimulaDirective>
	<SimulaDirective path="nodalroots4">
		<SimulaTable
			name_colum1="time since creation"
			unit_colum1="day"
			name_colum2="rootHairLength"
			unit_colum2="cm"> 0 0 1 0 2 0.028 2000 0.028
		</SimulaTable>
		<SimulaConstant
			name="rootHairDiameter"
			unit="cm">5e-4</SimulaConstant>
		<SimulaTable
			name_colum1="time since creation"
			unit_colum1="day"
			name_colum2="rootHairDensity"
			unit_colum2="#/cm2"> 0 2000 1 2000 2 2000 10 2000 30 0 2000 0
		</SimulaTable>
	</SimulaDirective>
	<SimulaDirective path="lateralOfCrownRoots">
		<SimulaTable
			name_colum1="time since creation"
			unit_colum1="day"
			name_colum2="rootHairLength"
			unit_colum2="cm"> 0 0 1 0 2 0.028 2000 0.028
		</SimulaTable>
		<SimulaConstant
			name="rootHairDiameter"
			unit="cm">5e-4</SimulaConstant>
		<SimulaTable
			name_colum1="time since creation"
			unit_colum1="day"
			name_colum2="rootHairDensity"
			unit_colum2="#/cm2"> 0 2000 1 2000 2 2000 10 2000 30 0 2000 0
		</SimulaTable>
	</SimulaDirective>
	<SimulaDirective path="lateral">
		<SimulaTable
			name_colum1="time since creation"
			unit_colum1="day"
			name_colum2="rootHairLength"
			unit_colum2="cm"> 0 0 1 0 2 0.028 2000 0.028
		</SimulaTable>
		<SimulaConstant
			name="rootHairDiameter"
			unit="cm">5e-4</SimulaConstant>
		<SimulaTable
			name_colum1="time since creation"
			unit_colum1="day"
			name_colum2="rootHairDensity"
			unit_colum2="#/cm2"> 0 2000 1 2000 2 2000 10 2000 30 0 2000 0
		</SimulaTable>
	</SimulaDirective>
	<SimulaDirective path="finelateral">
		<SimulaTable
			name_colum1="time since creation"
			unit_colum1="day"
			name_colum2="rootHairLength"
			unit_colum2="cm"> 0 0 1 0 2 0.028 2000 0.028
		</SimulaTable>
		<SimulaConstant
			name="rootHairDiameter"
			unit="cm">5e-4</SimulaConstant>
		<SimulaTable
			name_colum1="time since creation"
			unit_colum1="day"
			name_colum2="rootHairDensity"
			unit_colum2="#/cm2"> 0 2000 1 2000 2 2000 10 2000 30 0 2000 0
		</SimulaTable>
	</SimulaDirective>
	<SimulaDirective path="finelateral2">
		<SimulaTable
			name_colum1="time since creation"
			unit_colum1="day"
			name_colum2="rootHairLength"
			unit_colum2="cm"> 0 0 1 0 2 0.028 2000 0.028
		</SimulaTable>
		<SimulaConstant
			name="rootHairDiameter"
			unit="cm">5e-4</SimulaConstant>
		<SimulaTable
			name_colum1="time since creation"
			unit_colum1="day"
			name_colum2="rootHairDensity"
			unit_colum2="#/cm2"> 0 2000 1 2000 2 2000 10 2000 30 0 2000 0
		</SimulaTable>
	</SimulaDirective>
</SimulationModelIncludeFile>