<?xml version="1.0" encoding="UTF-8"?>
<!--?xml-stylesheet type="text/xsl" href="tree-view2.xsl"? -->
<!--
Copyright © 2016, The Pennsylvania State University
All rights reserved.

Copyright © 2016 Forschungszentrum Jülich GmbH
All rights reserved.

Redistribution and use in source and binary forms, with or without modification, are permitted under the GNU General Public License v3 and provided that the following conditions are met:
1. Redistributions of source code must retain the above copyright notice, this list of conditions and the following disclaimer.
2. Redistributions in binary form must reproduce the above copyright notice, this list of conditions and the following disclaimer in the documentation and/or other materials provided with the distribution.
3. Neither the name of the copyright holder nor the names of its contributors may be used to endorse or promote products derived from this software without specific prior written permission.

Disclaimer
THIS SOFTWARE IS PROVIDED BY THE COPYRIGHT HOLDERS AND CONTRIBUTORS "AS IS" AND ANY EXPRESS OR IMPLIED WARRANTIES, INCLUDING, BUT NOT LIMITED TO, THE IMPLIED WARRANTIES OF MERCHANTABILITY AND FITNESS FOR A PARTICULAR PURPOSE ARE DISCLAIMED. IN NO EVENT SHALL THE COPYRIGHT HOLDER OR CONTRIBUTORS BE LIABLE FOR ANY DIRECT, INDIRECT, INCIDENTAL, SPECIAL, EXEMPLARY, OR CONSEQUENTIAL DAMAGES (INCLUDING, BUT NOT LIMITED TO, PROCUREMENT OF SUBSTITUTE GOODS OR SERVICES; LOSS OF USE, DATA, OR PROFITS; OR BUSINESS INTERRUPTION) HOWEVER CAUSED AND ON ANY THEORY OF LIABILITY, WHETHER IN CONTRACT, STRICT LIABILITY, OR TORT (INCLUDING NEGLIGENCE OR OTHERWISE) ARISING IN ANY WAY OUT OF THE USE OF THIS SOFTWARE, EVEN IF ADVISED OF THE POSSIBILITY OF SUCH DAMAGE.

You should have received the GNU GENERAL PUBLIC LICENSE v3 with this file in license.txt but can also be found at http://www.gnu.org/licenses/gpl-3.0.en.html

 -->

	<!--
this keeps roots inside a predefined box
-->
<SimulationModelIncludeFile>
	<SimulaDirective path="hypocotyl">
		<SimulaConstant
			name="topBoundary"
			type="bool">0</SimulaConstant>
	</SimulaDirective>
	<SimulaDirective path="primaryRoot">
		<SimulaConstant
			name="topBoundary"
			type="bool">1</SimulaConstant>
	</SimulaDirective>
	<SimulaDirective path="basalWhorl1">
		<SimulaConstant
			name="topBoundary"
			type="bool">1</SimulaConstant>
	</SimulaDirective>
	<SimulaDirective path="basalWhorl2">
		<SimulaConstant
			name="topBoundary"
			type="bool">1</SimulaConstant>
	</SimulaDirective>
	<SimulaDirective path="basalWhorl3">
		<SimulaConstant
			name="topBoundary"
			type="bool">1</SimulaConstant>
	</SimulaDirective>
	<SimulaDirective path="hypocotylBornRoots">
		<SimulaConstant
			name="topBoundary"
			type="bool">1</SimulaConstant>
	</SimulaDirective>
	<SimulaDirective path="lateralPrimaryRoot">
		<SimulaConstant
			name="topBoundary"
			type="bool">1</SimulaConstant>
	</SimulaDirective>
	<SimulaDirective path="lateralPrimaryRootFastGrowing">
		<SimulaConstant
			name="topBoundary"
			type="bool">1</SimulaConstant>
	</SimulaDirective>
	<SimulaDirective path="lateralBasalRoots">
		<SimulaConstant
			name="topBoundary"
			type="bool">1</SimulaConstant>
	</SimulaDirective>
	<SimulaDirective path="lateralHypocotylBornRoots">
		<SimulaConstant
			name="topBoundary"
			type="bool">1</SimulaConstant>
	</SimulaDirective>
	<SimulaDirective path="finelateral">
		<SimulaConstant
			name="topBoundary"
			type="bool">1</SimulaConstant>
	</SimulaDirective>
	<SimulaDirective path="finelateralFastGrowing">
		<SimulaConstant
			name="topBoundary"
			type="bool">1</SimulaConstant>
	</SimulaDirective>
</SimulationModelIncludeFile>