<?xml version="1.0" encoding="UTF-8"?>
<!--?xml-stylesheet type="text/xsl" href="tree-view2.xsl"? -->
<!--
Copyright © 2016, The Pennsylvania State University
All rights reserved.

Copyright © 2016 Forschungszentrum Jülich GmbH
All rights reserved.

Redistribution and use in source and binary forms, with or without modification, are permitted under the GNU General Public License v3 and provided that the following conditions are met:
1. Redistributions of source code must retain the above copyright notice, this list of conditions and the following disclaimer.
2. Redistributions in binary form must reproduce the above copyright notice, this list of conditions and the following disclaimer in the documentation and/or other materials provided with the distribution.
3. Neither the name of the copyright holder nor the names of its contributors may be used to endorse or promote products derived from this software without specific prior written permission.

Disclaimer
THIS SOFTWARE IS PROVIDED BY THE COPYRIGHT HOLDERS AND CONTRIBUTORS "AS IS" AND ANY EXPRESS OR IMPLIED WARRANTIES, INCLUDING, BUT NOT LIMITED TO, THE IMPLIED WARRANTIES OF MERCHANTABILITY AND FITNESS FOR A PARTICULAR PURPOSE ARE DISCLAIMED. IN NO EVENT SHALL THE COPYRIGHT HOLDER OR CONTRIBUTORS BE LIABLE FOR ANY DIRECT, INDIRECT, INCIDENTAL, SPECIAL, EXEMPLARY, OR CONSEQUENTIAL DAMAGES (INCLUDING, BUT NOT LIMITED TO, PROCUREMENT OF SUBSTITUTE GOODS OR SERVICES; LOSS OF USE, DATA, OR PROFITS; OR BUSINESS INTERRUPTION) HOWEVER CAUSED AND ON ANY THEORY OF LIABILITY, WHETHER IN CONTRACT, STRICT LIABILITY, OR TORT (INCLUDING NEGLIGENCE OR OTHERWISE) ARISING IN ANY WAY OUT OF THE USE OF THIS SOFTWARE, EVEN IF ADVISED OF THE POSSIBILITY OF SUCH DAMAGE.

You should have received the GNU GENERAL PUBLIC LICENSE v3 with this file in license.txt but can also be found at http://www.gnu.org/licenses/gpl-3.0.en.html

 -->

	<!-- Potassium parameters for bean	-->
	<!--
	Shea et al 1968 : common bean 
	table 3: genetic variation (these numbers may be low, since the plant was deficient)
	shoot: 0.72-1.25 % = 
	root: 0.43-0.62%
	Table 1:
	shoot @ 1ppm K in solution: 0.67-0.97 %
	shoot @ 10ppm K in solution: 1.08-1.50 % (non deficient)
	shoot @ 200ppm K in solution: 4.68-5.81 % (extreme high - inducing Mg deficiency)
	
	1%= 10 mg/g = 391 umol/g
	shoot 1.1%= 430 umol/g
	root 0.6% = 234 umol/g
	-->
	<!--
	Kochian and lucas 1982: Rubidium in maize: 
	The saturable components yielded Km values of 16 and 86 micromolar for low- and high-salt roots, 
	respectively, while Vmax values were 5.62 and 1.85 moles per gram fresh weight per hour
	-->
	<!-- Vale et al 1988: Maize: table 2: 
	Imax: 4.2-5.8 umol/g/hour
	Km: 4.1-39.2 umol (depending on the presence of NH4, in which case Km is higher.
	-->
	<!--Claasen et al 1986: maize (table 3, soil 4-9)
	Imax 10-6 umol/cm2/s 4.8,5.4, 9.8 (depending on soil type) use 5.4e-6 = 0.467 umol/cm2/day
	Km  umol/cm3: 3.9e-2 
	cmin umol/cm3 2e-3
	
	-->
	<!-- barber book:
K applied			0 mg/kg	0 mg/kg	500 mg/kg	500 mg/kg
temperature		15 C		29 C		15 C		9 C
-----------------------------------------------------
Cli	mmol/l		0.0460	0.0900	6.2600	8.1000
b							39			23			1.2			1.2
De 10e7cm2/s	0.15		0.39		5				7.5
Imax nmol/m/s	56			112			56			112
Km	uM/l			14			28			14			28
Cmin	umol/l	1.6			0.89		1.6			0.89
L0		cm			3070		3070		2260		2260
K		10e6s			1.29		2.38		1.46		2.49
r0	cm				0.021		0.018		0.026		0.023
v0 10e6cm3/cm2 0.7		1.2			0.76		1.3
	-->

	<!--Imax 6.43 nmol/m2/s=55.55 10-3 umol/cm2/day-->
<SimulationModelIncludeFile>
	<SimulaDirective path="resources">
		<SimulaBase name="potassium">
			   <!--this represents the nutrients in the seed  
			   -->
			   <!--
			   Barampama Z, Simard RE. 1993. Nutrient composition, protein quality and antinutritional factors of some varieties of dry beans (Phaseolus vulgaris) grown in Burundi. Food Chemistry 47: 159-167.
					
					common bean 5.2 mg/g K = 45 uM/seed
					
					"They were 525, 55·2, 38·2, 7·63, 0·92, 7·33 and 456 mg/100 g for potassium, calcium, magnesium, iron, copper, zinc and phosphorus, respectively"
					-->
			<SimulaConstant
				name="initialNutrientUptake"
				unit="uMol"> 45</SimulaConstant>
		</SimulaBase>
	</SimulaDirective>
	<SimulaDirective path="shoot">
		<SimulaBase name="potassium">
			<SimulaConstant
				name="leafOptimalNutrientConcentration"
				unit="uMol/g"> 430</SimulaConstant>
			<SimulaConstant
				name="leafMinimalNutrientConcentration"
				unit="uMol/g"> 273</SimulaConstant>
			<SimulaConstant
				name="stemOptimalNutrientConcentration"
				unit="uMol/g"> 215</SimulaConstant>
			<SimulaConstant
				name="stemMinimalNutrientConcentration"
				unit="uMol/g"> 100</SimulaConstant>
		</SimulaBase>
	</SimulaDirective>
	<SimulaDirective path="hypocotyl">
		<SimulaBase name="potassium">
			<SimulaConstant
				name="optimalNutrientConcentration"
				unit="uMol/g"> 234</SimulaConstant>
			<SimulaConstant
				name="minimalNutrientConcentration"
				unit="uMol/g"> 168</SimulaConstant>
			<SimulaConstant
				name="Imax"
				unit="uMol/cm2/day"> 0.467</SimulaConstant>
			<SimulaConstant
				name="Km"
				unit="uMol/ml"> 3.9e-2</SimulaConstant>
			<SimulaConstant
				name="Efflux"
				unit="uMol/cm/day"> 1e-6</SimulaConstant>
			<SimulaConstant
				name="Cmin"
				unit="uMol/ml"> 2e-3</SimulaConstant>
		</SimulaBase>
	</SimulaDirective>
	<SimulaDirective path="primaryRoot">
		<SimulaBase name="potassium">
			<SimulaConstant
				name="optimalNutrientConcentration"
				unit="uMol/g"> 234</SimulaConstant>
			<SimulaConstant
				name="minimalNutrientConcentration"
				unit="uMol/g"> 168</SimulaConstant>
			<SimulaConstant
				name="Imax"
				unit="uMol/cm2/day">0.467</SimulaConstant>
			<SimulaConstant
				name="Km"
				unit="uMol/ml"> 3.9e-2</SimulaConstant>
			<SimulaConstant
				name="Efflux"
				unit="uMol/cm/day"> 1e-6</SimulaConstant>
			<SimulaConstant
				name="Cmin"
				unit="uMol/ml"> 2e-3</SimulaConstant>
		</SimulaBase>
	</SimulaDirective>
	<!--PARAMETERS FOR Seminal ROOTS-->
	<SimulaDirective path="basalWhorl1">
		<SimulaBase name="potassium">
			<SimulaConstant
				name="optimalNutrientConcentration"
				unit="uMol/g"> 234</SimulaConstant>
			<SimulaConstant
				name="minimalNutrientConcentration"
				unit="uMol/g"> 168</SimulaConstant>
			<SimulaConstant
				name="Imax"
				unit="uMol/cm2/day">0.467</SimulaConstant>
			<SimulaConstant
				name="Km"
				unit="uMol/ml"> 3.9e-2</SimulaConstant>
			<SimulaConstant
				name="Efflux"
				unit="uMol/cm/day"> 1e-6</SimulaConstant>
			<SimulaConstant
				name="Cmin"
				unit="uMol/ml"> 2e-3</SimulaConstant>
		</SimulaBase>
	</SimulaDirective>
	<SimulaDirective path="basalWhorl2">
		<SimulaBase name="potassium">
			<SimulaConstant
				name="optimalNutrientConcentration"
				unit="uMol/g"> 234</SimulaConstant>
			<SimulaConstant
				name="minimalNutrientConcentration"
				unit="uMol/g"> 168</SimulaConstant>
			<SimulaConstant
				name="Imax"
				unit="uMol/cm2/day"> 0.467</SimulaConstant>
			<SimulaConstant
				name="Km"
				unit="uMol/ml"> 3.9e-2</SimulaConstant>
			<SimulaConstant
				name="Efflux"
				unit="uMol/cm/day"> 1e-6</SimulaConstant>
			<SimulaConstant
				name="Cmin"
				unit="uMol/ml"> 2e-3</SimulaConstant>
		</SimulaBase>
	</SimulaDirective>
	<SimulaDirective path="basalWhorl3">
		<SimulaBase name="potassium">
			<SimulaConstant
				name="optimalNutrientConcentration"
				unit="uMol/g"> 234</SimulaConstant>
			<SimulaConstant
				name="minimalNutrientConcentration"
				unit="uMol/g"> 168</SimulaConstant>
			<SimulaConstant
				name="Imax"
				unit="uMol/cm2/day"> 0.467</SimulaConstant>
			<SimulaConstant
				name="Km"
				unit="uMol/ml"> 3.9e-2</SimulaConstant>
			<SimulaConstant
				name="Efflux"
				unit="uMol/cm/day"> 1e-6</SimulaConstant>
			<SimulaConstant
				name="Cmin"
				unit="uMol/ml"> 2e-3</SimulaConstant>
		</SimulaBase>
	</SimulaDirective>
	<SimulaDirective path="hypocotylBornRoots">
		<SimulaBase name="potassium">
			<SimulaConstant
				name="optimalNutrientConcentration"
				unit="uMol/g"> 234</SimulaConstant>
			<SimulaConstant
				name="minimalNutrientConcentration"
				unit="uMol/g"> 168</SimulaConstant>
			<SimulaConstant
				name="Imax"
				unit="uMol/cm2/day"> 0.467</SimulaConstant>
			<SimulaConstant
				name="Km"
				unit="uMol/ml"> 3.9e-2</SimulaConstant>
			<SimulaConstant
				name="Efflux"
				unit="uMol/cm/day"> 1e-6</SimulaConstant>
			<SimulaConstant
				name="Cmin"
				unit="uMol/ml"> 2e-3</SimulaConstant>
		</SimulaBase>
	</SimulaDirective>
	<SimulaDirective path="lateralPrimaryRoot">
		<SimulaBase name="potassium">
			<SimulaConstant
				name="optimalNutrientConcentration"
				unit="uMol/g"> 234</SimulaConstant>
			<SimulaConstant
				name="minimalNutrientConcentration"
				unit="uMol/g"> 168</SimulaConstant>
			<SimulaConstant
				name="Imax"
				unit="uMol/cm2/day"> 0.467</SimulaConstant>
			<SimulaConstant
				name="Km"
				unit="uMol/ml"> 3.9e-2</SimulaConstant>
			<SimulaConstant
				name="Efflux"
				unit="uMol/cm/day"> 1e-6</SimulaConstant>
			<SimulaConstant
				name="Cmin"
				unit="uMol/ml"> 2e-3</SimulaConstant>
		</SimulaBase>
	</SimulaDirective>
	<SimulaDirective path="lateralPrimaryRootFastGrowing">
		<SimulaBase name="potassium">
			<SimulaConstant
				name="optimalNutrientConcentration"
				unit="uMol/g"> 234</SimulaConstant>
			<SimulaConstant
				name="minimalNutrientConcentration"
				unit="uMol/g"> 168</SimulaConstant>
			<SimulaConstant
				name="Imax"
				unit="uMol/cm2/day"> 0.467</SimulaConstant>
			<SimulaConstant
				name="Km"
				unit="uMol/ml"> 3.9e-2</SimulaConstant>
			<SimulaConstant
				name="Efflux"
				unit="uMol/cm/day"> 1e-6</SimulaConstant>
			<SimulaConstant
				name="Cmin"
				unit="uMol/ml"> 2e-3</SimulaConstant>
		</SimulaBase>
	</SimulaDirective>
	<SimulaDirective path="lateralBasalRoots">
		<SimulaBase name="potassium">
			<SimulaConstant
				name="optimalNutrientConcentration"
				unit="uMol/g"> 234</SimulaConstant>
			<SimulaConstant
				name="minimalNutrientConcentration"
				unit="uMol/g"> 168</SimulaConstant>
			<SimulaConstant
				name="Imax"
				unit="uMol/cm2/day"> 0.467</SimulaConstant>
			<SimulaConstant
				name="Km"
				unit="uMol/ml"> 3.9e-2</SimulaConstant>
			<SimulaConstant
				name="Efflux"
				unit="uMol/cm/day"> 1e-6</SimulaConstant>
			<SimulaConstant
				name="Cmin"
				unit="uMol/ml"> 2e-3</SimulaConstant>
		</SimulaBase>
	</SimulaDirective>
	<SimulaDirective path="lateralHypocotylBornRoots">
		<SimulaBase name="potassium">
			<SimulaConstant
				name="optimalNutrientConcentration"
				unit="uMol/g"> 234</SimulaConstant>
			<SimulaConstant
				name="minimalNutrientConcentration"
				unit="uMol/g"> 168</SimulaConstant>
			<SimulaConstant
				name="Imax"
				unit="uMol/cm2/day"> 0.467</SimulaConstant>
			<SimulaConstant
				name="Km"
				unit="uMol/ml"> 3.9e-2</SimulaConstant>
			<SimulaConstant
				name="Efflux"
				unit="uMol/cm/day"> 1e-6</SimulaConstant>
			<SimulaConstant
				name="Cmin"
				unit="uMol/ml"> 2e-3</SimulaConstant>
		</SimulaBase>
	</SimulaDirective>
	<SimulaDirective path="finelateral">
		<SimulaBase name="potassium">
			<SimulaConstant
				name="optimalNutrientConcentration"
				unit="uMol/g"> 234</SimulaConstant>
			<SimulaConstant
				name="minimalNutrientConcentration"
				unit="uMol/g"> 168</SimulaConstant>
			<SimulaConstant
				name="Imax"
				unit="uMol/cm2/day"> 0.467</SimulaConstant>
			<SimulaConstant
				name="Km"
				unit="uMol/ml"> 3.9e-2</SimulaConstant>
			<SimulaConstant
				name="Efflux"
				unit="uMol/cm/day"> 1e-6</SimulaConstant>
			<SimulaConstant
				name="Cmin"
				unit="uMol/ml"> 2e-3</SimulaConstant>
		</SimulaBase>
	</SimulaDirective>
	<SimulaDirective path="finelateralFastGrowing">
		<SimulaBase name="potassium">
			<SimulaConstant
				name="optimalNutrientConcentration"
				unit="uMol/g"> 234</SimulaConstant>
			<SimulaConstant
				name="minimalNutrientConcentration"
				unit="uMol/g"> 168</SimulaConstant>
			<SimulaConstant
				name="Imax"
				unit="uMol/cm2/day"> 0.467</SimulaConstant>
			<SimulaConstant
				name="Km"
				unit="uMol/ml"> 3.9e-2</SimulaConstant>
			<SimulaConstant
				name="Efflux"
				unit="uMol/cm/day"> 1e-6</SimulaConstant>
			<SimulaConstant
				name="Cmin"
				unit="uMol/ml"> 2e-3</SimulaConstant>
		</SimulaBase>
	</SimulaDirective>
</SimulationModelIncludeFile>