<?xml version="1.0" encoding="UTF-8"?>
<SimulationModelIncludeFile>
	<!--environmental parameters start here. -->
	<SimulaBase name="environment">
		<SimulaBase name="dimensions">
			<SimulaConstant
				name="minCorner"
				type="Coordinate">
				<!-- -13.33 -30 -30-->
				-30 -150 -26
			</SimulaConstant>
			<SimulaConstant
				name="maxCorner"
				type="Coordinate">
				<!-- 13.33 0 30-->
				30 0 34
			</SimulaConstant>
			<SimulaConstant
				name="resolution"
				type="Coordinate">
				<!-- 1 1 1-->
				1 1 1
			</SimulaConstant>
		</SimulaBase>
		<SimulaBase name="soil">
			<SimulaTable
				name_colum1="depth"
				unit_colum1="cm"
				name_colum2="bulkDensity"
				unit_colum2="g/cm3">
				<!--data maria rocksprings: 0 1.24 -5 1.24 -16 1.29 -30 1.42 -47 1.40 -65 1.51 -200 1.51 -->
				0 1.24 -5 1.24 -16 1.29 -30 1.42 -47 1.40 -65 1.51 -200 1.51
			</SimulaTable>
		</SimulaBase>
	</SimulaBase>
	<SimulaIncludeFile fileName="environments/Rocksprings/water.xml" />
	<SimulaIncludeFile fileName="environments/Rocksprings/atmosphere.xml" />
	<SimulaIncludeFile fileName="environments/Rocksprings/nitrate.xml" />
	<SimulaIncludeFile fileName="environments/Rocksprings/phosphorus.xml" />
	<SimulaIncludeFile fileName="environments/Rocksprings/potassium.xml" />
	<SimulaIncludeFile fileName="environments/Rocksprings/organic.xml" />
</SimulationModelIncludeFile>