<?xml version="1.0" encoding="UTF-8"?>
<!--
	Simulation file for SimRoot version 5. This development version, build July 2007
	Author: Jouke Postma
	Note: 
	
	PLEASE KEEP THIS HEADER UP TO DATE! LIST BELOW WHO YOU ARE, WHEN AND WHAT CHANGES YOU MADE AND WHY. LIST YOUR SOURCE AS MUCH AS POSSIBLE!

	change log: 
	11-july-07 added support for include files. 
	
	
-->
<!--STYLE SHEET SECTION: feel free to attach any stylesheet of your choosing-->
<!--?xml-stylesheet type="text/xsl" href="tree-view2.xsl"?-->


<!--SIMULATION MODEL-->
<SimulationModel>

	<SimulaBase name="soil">
	</SimulaBase>

	<SimulaBase name="plants">
		<SimulaBase
			name="bean"
			objectGenerator="seedling">
			<SimulaConstant
				name="plantType"
				type="string"> Bean-Carioca-SimRoot4
			</SimulaConstant>
			<SimulaConstant
				name="plantingTime"
				unit="day"
				type="Time"> 0
			</SimulaConstant>
			<SimulaConstant
				name="plantPosition"
				type="Coordinate"> 0 -5 0
			</SimulaConstant>
		</SimulaBase>
	</SimulaBase>

	<SimulaIncludeFile
		fileName="plantParameters/Bean/Carioca/simulationControlParameters.xml" />

	<SimulaIncludeFile fileName="templates/plantTemplateFullModel.xml" />
	<SimulaIncludeFile fileName="templates/plantTemplate.IncludeGeometry.xml" />
	<SimulaIncludeFile fileName="templates/plantTemplate.IncludeDryweight.xml" />
	<SimulaIncludeFile fileName="templates/plantTemplate.IncludePhosphorusBC.xml" />
	<!--
	If leaving out water and nitrate, enable this to have a rough estimate of carbon cost of nitrate fixation and uptake
	-->
	<!-- 
	SimulaIncludeFile fileName="templates/plantTemplate.IncludeNitrateBasic.xml" /
	-->
    <!--SimulaIncludeFile fileName="templates/plantTemplate.IncludeWaterModule.xml" />
	<SimulaIncludeFile fileName="templates/plantTemplate.IncludeNitrate3D.xml"/>
	<SimulaIncludeFile fileName="templates/plantTemplate.IncludePotassium3D.xml" />
	<SimulaIncludeFile fileName="templates/configurationCarbon.xml" />
	<SimulaIncludeFile fileName="templates/plantTemplate.IncludeRootHairs.xml" />
	<SimulaIncludeFile fileName="templates/plantTemplate.IncludeRootLengthProfile.xml" />
	<SimulaIncludeFile fileName="templates/plantTemplate.IncludeAerenchyma.xml" />
	<SimulaIncludeFile fileName="templates/plantTemplate.IncludeStress.xml" /-->

	<!--SimulaIncludeFile fileName="environments/Rocksprings/Rocksprings-bean.xml" /-->
	<SimulaIncludeFile fileName="environments/WageningseBovenBuurt/WageningseBovenBuurt-bean.xml"/>

	<SimulaBase name="rootTypeParameters">
		<SimulaIncludeFile fileName="plantParameters/Bean/Carioca/carioca.xml" />
	</SimulaBase>

</SimulationModel>