<?xml version="1.0" encoding="UTF-8"?>
<!--?xml-stylesheet type="text/xsl" href="tree-view2.xsl"? -->
<!--
Copyright © 2016, The Pennsylvania State University
All rights reserved.

Copyright © 2016 Forschungszentrum Jülich GmbH
All rights reserved.

Redistribution and use in source and binary forms, with or without modification, are permitted under the GNU General Public License v3 and provided that the following conditions are met:
1. Redistributions of source code must retain the above copyright notice, this list of conditions and the following disclaimer.
2. Redistributions in binary form must reproduce the above copyright notice, this list of conditions and the following disclaimer in the documentation and/or other materials provided with the distribution.
3. Neither the name of the copyright holder nor the names of its contributors may be used to endorse or promote products derived from this software without specific prior written permission.

Disclaimer
THIS SOFTWARE IS PROVIDED BY THE COPYRIGHT HOLDERS AND CONTRIBUTORS "AS IS" AND ANY EXPRESS OR IMPLIED WARRANTIES, INCLUDING, BUT NOT LIMITED TO, THE IMPLIED WARRANTIES OF MERCHANTABILITY AND FITNESS FOR A PARTICULAR PURPOSE ARE DISCLAIMED. IN NO EVENT SHALL THE COPYRIGHT HOLDER OR CONTRIBUTORS BE LIABLE FOR ANY DIRECT, INDIRECT, INCIDENTAL, SPECIAL, EXEMPLARY, OR CONSEQUENTIAL DAMAGES (INCLUDING, BUT NOT LIMITED TO, PROCUREMENT OF SUBSTITUTE GOODS OR SERVICES; LOSS OF USE, DATA, OR PROFITS; OR BUSINESS INTERRUPTION) HOWEVER CAUSED AND ON ANY THEORY OF LIABILITY, WHETHER IN CONTRACT, STRICT LIABILITY, OR TORT (INCLUDING NEGLIGENCE OR OTHERWISE) ARISING IN ANY WAY OUT OF THE USE OF THIS SOFTWARE, EVEN IF ADVISED OF THE POSSIBILITY OF SUCH DAMAGE.

You should have received the GNU GENERAL PUBLIC LICENSE v3 with this file in license.txt but can also be found at http://www.gnu.org/licenses/gpl-3.0.en.html

 -->
<!-- Mollier A, Pellerin S. 1999. Maize root system growth and development as influenced by phosphorus deficiency. J. Exp. Bot. 50: 487-497.
6-10 later roots /cm 
-->

<!--Sibusawa 1994: branching frequency 1e order lateral roots on average every 3.5 mm, second order laterals 2.4 mm-->
<SimulationModelIncludeFile>
	<SimulaBase name="36H56">
		<SimulaBase name="shoot">
			<SimulaConstant
				name="relativePotentialTranspiration"
				unit="cm3/g">
			<!--use either cm3/cm2 leaf area/day or per cm3/g C of photosynthesis-->
			<!--sinclair et al 1975: maize: max. during day = 0.6 mg/mm2/hour = 
			1.44 cm3/cm2/day
			wue (measured): 7-16 10e-3 g CO2/g H2O. = 1.9-4.3  mg/ml 229-524 where maize becomes less water efficient when stomata close?
			-->  
			<!--
			http://www.dse.vic.gov.au/dpi/vro/vrosite.nsf/pages/lwm_farmwater_maize
			maize: 30 kg dm/mm = 15 kg C/M3 = 15 mg/cm3 = 66 g/cm3 
			-->
			<!--gaiser et al 2004: maize-cowpea system:	11.2 kg/mm	-->
			<!--baldocchi 1994: 
			10-15 mg C/g water during day, but during night negative numbers because of respiration
			~ 66-100 ml/g -->
				100
			</SimulaConstant>
			<SimulaConstant
				name="extinctionCoefficient"
				unit="noUnit"
				note="KDF in lintul">
				0.85  
			   <!--note that around 1 means full leaf cover at lai 3, this is not for individual leaves and 0.64 is too low -->
			   <!--KDF for maize = 0.64 Heemst 1988, p22 -->
			</SimulaConstant>
			<SimulaTable
				name_colum1="time"
				name_colum2="specificLeafArea"
				unit_colum1="day"
				unit_colum2="g/cm2"
				note="SLA in lintul"> 
					<!-- we can compensate for not having table by using light leafs and allocating more to stems-->
			     	<!--SLA for maize = 0.0035 g/cm2 reduced to 0.0016 g/cm2 during generative stage (MUST BE THE OTHER WAY ROUND?), Heemst0.64 Heemst 1988, p22 --> 
			    	<!--Raul 2007 data: average SLA = 2.56 mg/cm2 range: 2.09-3.19-->
			    	<!--Raul 2007 data irrigated plants: average SLA = 2.649 mg/cm2 range: 23.-31.9-->
			    	<!--Jacob and Lawlor 1991: 145 g fresh/ m2 ~ 0.0015 g/cm2, 16 day old plant -->
				0 0.0015 24 0.0026 50 0.0032 100 0.0032
			</SimulaTable>
			<SimulaConstant
				name="lightUseEfficiency"
				unit="g/uMol"
				note="LUE in lintul">
				0.38E-6 <!-- 0.285-0.35-->
			   <!--not that this should be about 8% higher to compensate for respiration -->
			   <!-- average in cylinder study raul measured with licor 6400 at a light intensity of 800 uMol/m2/s is about 19 uMol CO2/m2/s (range 11/26). 
					19/800= 0.02375 uMol CO2 / uMol light = 0.285 ug carbon / uMol light-->
			   <!--	Data maize light curve maize field experiment three sisters 2007 with chaochun:
			   light_intensity(uMol/m2/s) photosynthesis(uMol CO2/m2/s)
				1801	31.8	0.21
				1600	30.6	0.23
				1401	29.5	0.25
				1201	27.8	0.28
				999		25.2	0.3
				799		22		0.33
				601		17.8	0.36
				400		11.8	0.35
				200		1.2		0.07
				0		0	
			   -->
			   <!--
			   stirling et al 1994: 24*12/800 = 0.36  
			   -->
			   
			   <!-- following values are based on drymatter production, so respiration is already accounted for. -->
			   <!--LUE for maize =  2.9 g dryweight/Mj, Estimate based on drymatter production on experimental farm in the Netherlands Vredepeel 2001,2002 -->
			   <!-- 3.3 - 3.8 g dryweigth/Mj intecepted PAR: John L. Lindquist*, Timothy J. Arkebauer, Daniel T. Walters, Kenneth G. Cassman and Achim Dobermann, 2005. Maize Radiation Use Efficiency under Optimal Growth Conditions Agron. J. 97:72-78 (2005).-->
			</SimulaConstant>
			<SimulaConstant
				name="areaPerPlant"
				unit="cm2"> 
			      <!-- plant denisty for maize on experimental farm Vredepeel, 11 seeds/m2 which is 909 cm2/plant-->
			      <!-- note that in most of the hort-farm experiments, planting density was only 6 plants/m2-->
				1600
			</SimulaConstant>
		</SimulaBase>
		<SimulaBase name="defaults">
		</SimulaBase>
		<SimulaBase
			name="hypocotyl"
			objectGenerator="copyDefaults">
			<SimulaConstant
				type="int"
				name="rootClassID"
				note="for visualization output only">97</SimulaConstant>
			<SimulaBase name="branchList">
				<SimulaBase name="braceroots">
					<SimulaConstant
						type="time"
						name="branchingTimeOffset"
						unit="day"> 25.
					</SimulaConstant>
					<SimulaConstant
						name="branchingSpatialOffset"
						unit="cm"> 4.0
					</SimulaConstant>
					<SimulaConstant
						type="integer"
						name="numberOfBranches/whorl"
						unit="#"> 14
					</SimulaConstant>
					<SimulaConstant
						type="bool"
						name="allometricScaling">true</SimulaConstant>
				</SimulaBase>
				<SimulaBase name="braceroots2">
					<SimulaConstant
						type="time"
						name="branchingTimeOffset"
						unit="day"> 36.
					</SimulaConstant>
					<SimulaConstant
						name="branchingSpatialOffset"
						unit="cm"> 7.0
					</SimulaConstant>
					<SimulaConstant
						type="integer"
						name="numberOfBranches/whorl"
						unit="#"> 20
					</SimulaConstant>
					<SimulaConstant
						name="branchingFrequency"
						unit="cm"> 5.0
					</SimulaConstant>
					<SimulaConstant
						name="branchingDelay"
						unit="day"> 14.
					</SimulaConstant>
					<SimulaConstant
						type="bool"
						name="allometricScaling">true</SimulaConstant>
				</SimulaBase>
				<SimulaBase name="nodalroots">
					<SimulaConstant
						type="integer"
						name="numberOfBranches/whorl"
						unit="#"> 3
					</SimulaConstant>
					<SimulaConstant
						type="time"
						name="branchingTimeOffset"
						unit="day"> 9.
					</SimulaConstant>
					<SimulaConstant
						name="branchingSpatialOffset"
						unit="cm">
						1.5 <!--these should grow at ground level - make this equal to planting depth-->
					</SimulaConstant>
				</SimulaBase>
				<SimulaBase name="nodalroots2">
					<SimulaConstant
						type="integer"
						name="numberOfBranches/whorl"
						unit="#"> 4
					</SimulaConstant>
					<SimulaConstant
						type="time"
						name="branchingTimeOffset"
						unit="day"> 16.
					</SimulaConstant>
					<SimulaConstant
						name="branchingSpatialOffset"
						unit="cm">
						1.9 <!--these should grow at ground level - make this equal to planting depth-->
					</SimulaConstant>
								<!--see mollier and pellerin 1999-->
					<SimulaConstant
						type="bool"
						name="allometricScaling">true</SimulaConstant>
				</SimulaBase>
				<SimulaBase name="nodalroots3">
					<SimulaConstant
						type="integer"
						name="numberOfBranches/whorl"
						unit="#"> 5
					</SimulaConstant>
					<SimulaConstant
						type="time"
						name="branchingTimeOffset"
						unit="day"> 20.
					</SimulaConstant>
					<SimulaConstant
						name="branchingSpatialOffset"
						unit="cm">
						2.1 <!--these should grow at ground level - make this equal to planting depth-->
					</SimulaConstant>
					<SimulaConstant
						type="bool"
						name="allometricScaling">true</SimulaConstant>
				</SimulaBase>
				<SimulaBase name="nodalroots4">
					<SimulaConstant
						type="integer"
						name="numberOfBranches/whorl"
						unit="#"> 6
					</SimulaConstant>
					<SimulaConstant
						type="time"
						name="branchingTimeOffset"
						unit="day"> 23.
					</SimulaConstant>
					<SimulaConstant
						name="branchingSpatialOffset"
						unit="cm">
						2.3 <!--these should grow at ground level - make this equal to planting depth-->
					</SimulaConstant>
					<SimulaConstant
						type="bool"
						name="allometricScaling">true</SimulaConstant>
				</SimulaBase>
			</SimulaBase>
			<SimulaConstant
				name="density"
				unit="g/cm3">
				0.094 <!-- primary maize root 0.94 dry weight / fresh weight 1. Ali M. Pahlavanian and Wendy Kuhn Silk, “Effect of Temperature on Spatial and Temporal Aspects of Growth in the Primary Maize Root ,” Plant Physiol. 87, no. 2 (June 1, 1988): 529-532.-->
			</SimulaConstant>
		</SimulaBase>
		<SimulaBase
			name="primaryRoot"
			objectGenerator="copyDefaults">
			<SimulaConstant
				type="int"
				name="rootClassID"
				note="for visualization output only">100</SimulaConstant>
			<SimulaBase name="branchList">
				<SimulaBase name="lateral">
								<!--original value: 1-->
								<!--SimulaConstant type="integer" name="numberOfBranches/whorl" unit="#"> 1 </SimulaConstant-->
								<!--SimulaStochastic type="integer" name="numberOfBranches/whorl" unit="#" distribution="uniform" minimum="0" maximum="6" /--> 
								<!--SimulaConstant  name="branchingFrequency" unit="cm"> 0.19 </SimulaConstant--><!--original value: 0.19 cm-->
								<!--SimulaConstant  name="branchingFrequency" unit="cm">0.3</SimulaConstant-->
					<SimulaStochastic
						name="branchingFrequency"
						unit="cm"
						distribution="uniform"
						minimum="0.25"
						maximum="0.45" />
					<SimulaConstant
						name="lengthRootTip"
						unit="cm">
						10.93 <!--original value: 10.93 cm-->
					</SimulaConstant>
					<SimulaConstant
						name="allowBranchesToFormAboveGround"
						type="bool">false</SimulaConstant>
				</SimulaBase>
				<SimulaBase name="seminal">
					<SimulaConstant
						name="branchingFrequency"
						unit="cm">
						1 <!--not used-->
					</SimulaConstant>
					<SimulaConstant
						type="time"
						name="branchingTimeOffset"
						unit="day"> 1
					</SimulaConstant>
					<SimulaConstant
						type="integer"
						name="maxNumberOfBranches"
						unit="#">
						5 <!--original value: 6-->
					</SimulaConstant>
					<SimulaConstant
						type="integer"
						name="numberOfBranches/whorl"
						unit="#">
						5 <!--original value: 6-->
					</SimulaConstant>
					<SimulaConstant
						name="allowBranchesToFormAboveGround"
						type="bool">false</SimulaConstant>
				</SimulaBase>
			</SimulaBase>
			<SimulaConstant
				name="density"
				unit="g/cm3">
				0.094 
					 <!-- primary maize root 0.94 dry weight / fresh weight 1. Ali M. Pahlavanian and Wendy Kuhn Silk, “Effect of Temperature on Spatial and Temporal Aspects of Growth in the Primary Maize Root ,” Plant Physiol. 87, no. 2 (June 1, 1988): 529-532.-->
			</SimulaConstant>
		</SimulaBase>
<!--PARAMETERS FOR Seminal ROOTS-->
		<SimulaBase
			name="braceroots"
			objectGenerator="copyDefaults">
			<SimulaConstant
				type="int"
				name="rootClassID"
				note="for visualization output only">102</SimulaConstant>
			<SimulaBase name="branchList">
					<!--Raul2006: till 28 days - no branches observed growing of the crown roots-->
					<!--Given moshes image raul must mean the airborn crown roots - but there is certainly a second whorl with branches (first being the nodal roots)-->
				<SimulaBase name="lateralOfCrownRoots">
						<!--SimulaConstant type="time" name="branchingTimeOffset" unit="day">
							2.	
						</SimulaConstant--><!--this is garanteed by the length of the roottip-->
					<SimulaConstant
						name="branchingSpatialOffset"
						unit="cm"> 12.
					</SimulaConstant>
					<SimulaConstant
						type="integer"
						name="numberOfBranches/whorl"
						unit="#"> 1
					</SimulaConstant>
					<SimulaStochastic
						name="branchingFrequency"
						unit="cm"
						distribution="uniform"
						minimum="0.1"
						maximum="0.3" />
					<SimulaConstant
						name="lengthRootTip"
						unit="cm">
						10.93 <!--original value: 10.93 cm-->
					</SimulaConstant>
					<SimulaConstant
						name="allowBranchesToFormAboveGround"
						type="bool">false</SimulaConstant>
				</SimulaBase>
			</SimulaBase>
			<SimulaConstant
				name="density"
				unit="g/cm3">
				0.094 <!-- primary maize root 0.094 dry weight / fresh weight 1. Ali M. Pahlavanian and Wendy Kuhn Silk, “Effect of Temperature on Spatial and Temporal Aspects of Growth in the Primary Maize Root ,” Plant Physiol. 87, no. 2 (June 1, 1988): 529-532.-->
			</SimulaConstant>
		</SimulaBase>
		<SimulaBase
			name="braceroots2"
			objectGenerator="copyDefaults">
			<SimulaConstant
				type="int"
				name="rootClassID"
				note="for visualization output only">102</SimulaConstant>
			<SimulaBase name="branchList">
					<!--Raul2006: till 28 days - no branches observed growing of the crown roots-->
					<!--Given moshes image raul must mean the airborn crown roots - but there is certainly a second whorl with branches (first being the nodal roots)-->
				<SimulaBase name="lateralOfCrownRoots">
						<!--SimulaConstant type="time" name="branchingTimeOffset" unit="day">
							2.	
						</SimulaConstant--><!--this is garanteed by the length of the roottip-->
					<SimulaConstant
						name="branchingSpatialOffset"
						unit="cm"> 15.
					</SimulaConstant>
					<SimulaConstant
						type="integer"
						name="numberOfBranches/whorl"
						unit="#"> 1
					</SimulaConstant>
					<SimulaStochastic
						name="branchingFrequency"
						unit="cm"
						distribution="uniform"
						minimum="0.1"
						maximum="0.4" />
					<SimulaConstant
						name="lengthRootTip"
						unit="cm">
						10.93 <!--original value: 10.93 cm-->
					</SimulaConstant>
					<SimulaConstant
						name="allowBranchesToFormAboveGround"
						type="bool">false</SimulaConstant>
				</SimulaBase>
			</SimulaBase>
			<SimulaConstant
				name="density"
				unit="g/cm3">
				0.094 <!-- primary maize root 0.94 dry weight / fresh weight 1. Ali M. Pahlavanian and Wendy Kuhn Silk, “Effect of Temperature on Spatial and Temporal Aspects of Growth in the Primary Maize Root ,” Plant Physiol. 87, no. 2 (June 1, 1988): 529-532.-->
			</SimulaConstant>
		</SimulaBase>
		<SimulaBase
			name="seminal"
			objectGenerator="copyDefaults">
			<SimulaConstant
				type="int"
				name="rootClassID"
				note="for visualization output only">99</SimulaConstant>
			<SimulaBase name="branchList">
				<SimulaBase name="lateral">
								<!--SimulaConstant  name="branchingFrequency" unit="cm">0.3</SimulaConstant-->
					<SimulaStochastic
						name="branchingFrequency"
						unit="cm"
						distribution="uniform"
						minimum="0.05"
						maximum="0.25" />
					<SimulaConstant
						name="lengthRootTip"
						unit="cm">
						10.93 <!--original value: 10.93 cm-->
					</SimulaConstant>
					<SimulaConstant
						name="allowBranchesToFormAboveGround"
						type="bool">false</SimulaConstant>
				</SimulaBase>
			</SimulaBase>
			<SimulaConstant
				name="density"
				unit="g/cm3">
				0.094 <!-- primary maize root 0.94 dry weight / fresh weight 1. Ali M. Pahlavanian and Wendy Kuhn Silk, “Effect of Temperature on Spatial and Temporal Aspects of Growth in the Primary Maize Root ,” Plant Physiol. 87, no. 2 (June 1, 1988): 529-532.-->
			</SimulaConstant>
		</SimulaBase>
		<SimulaBase
			name="nodalroots"
			objectGenerator="copyDefaults">
			<SimulaConstant
				type="int"
				name="rootClassID"
				note="for visualization output only">101</SimulaConstant>
			<SimulaBase name="branchList">
				<SimulaBase name="lateral">
						<!--SimulaConstant  name="branchingFrequency" unit="cm">0.4</SimulaConstant-->
					<SimulaStochastic
						name="branchingFrequency"
						unit="cm"
						distribution="uniform"
						minimum="0.1"
						maximum="0.3" />
					<SimulaConstant
						name="lengthRootTip"
						unit="cm">
						10.93<!--original value: 10.93 cm-->
					</SimulaConstant>
					<SimulaConstant
						name="allowBranchesToFormAboveGround"
						type="bool">false</SimulaConstant>
				</SimulaBase>
			</SimulaBase>
			<SimulaConstant
				name="density"
				unit="g/cm3">
				0.094 <!-- primary maize root 0.94 dry weight / fresh weight 1. Ali M. Pahlavanian and Wendy Kuhn Silk, “Effect of Temperature on Spatial and Temporal Aspects of Growth in the Primary Maize Root ,” Plant Physiol. 87, no. 2 (June 1, 1988): 529-532.-->
			</SimulaConstant>
		</SimulaBase>
		<SimulaBase
			name="nodalroots2"
			objectGenerator="copyDefaults">
			<SimulaConstant
				type="int"
				name="rootClassID"
				note="for visualization output only">101</SimulaConstant>
			<SimulaBase name="branchList">
				<SimulaBase name="lateral">
						<!--SimulaConstant  name="branchingFrequency" unit="cm">0.4</SimulaConstant-->
					<SimulaStochastic
						name="branchingFrequency"
						unit="cm"
						distribution="uniform"
						minimum="0.1"
						maximum="0.3" />
					<SimulaConstant
						name="lengthRootTip"
						unit="cm">
						10.93<!--original value: 10.93 cm-->
					</SimulaConstant>
					<SimulaConstant
						name="allowBranchesToFormAboveGround"
						type="bool">false</SimulaConstant>
				</SimulaBase>
			</SimulaBase>
			<SimulaConstant
				name="density"
				unit="g/cm3">
				0.094 <!-- primary maize root 0.94 dry weight / fresh weight 1. Ali M. Pahlavanian and Wendy Kuhn Silk, “Effect of Temperature on Spatial and Temporal Aspects of Growth in the Primary Maize Root ,” Plant Physiol. 87, no. 2 (June 1, 1988): 529-532.-->
			</SimulaConstant>
		</SimulaBase>
		<SimulaBase
			name="nodalroots3"
			objectGenerator="copyDefaults">
			<SimulaConstant
				type="int"
				name="rootClassID"
				note="for visualization output only">101</SimulaConstant>
			<SimulaBase name="branchList">
				<SimulaBase name="lateral">
						<!--SimulaConstant  name="branchingFrequency" unit="cm">0.4</SimulaConstant-->
					<SimulaStochastic
						name="branchingFrequency"
						unit="cm"
						distribution="uniform"
						minimum="0.1"
						maximum="0.3" />
					<SimulaConstant
						name="lengthRootTip"
						unit="cm">
						10.93<!--original value: 10.93 cm-->
					</SimulaConstant>
					<SimulaConstant
						name="allowBranchesToFormAboveGround"
						type="bool">false</SimulaConstant>
				</SimulaBase>
			</SimulaBase>
			<SimulaConstant
				name="density"
				unit="g/cm3">
				0.094 <!-- primary maize root 0.94 dry weight / fresh weight 1. Ali M. Pahlavanian and Wendy Kuhn Silk, “Effect of Temperature on Spatial and Temporal Aspects of Growth in the Primary Maize Root ,” Plant Physiol. 87, no. 2 (June 1, 1988): 529-532.-->
			</SimulaConstant>
		</SimulaBase>
		<SimulaBase
			name="nodalroots4"
			objectGenerator="copyDefaults">
			<SimulaConstant
				type="int"
				name="rootClassID"
				note="for visualization output only">101</SimulaConstant>
			<SimulaBase name="branchList">
				<SimulaBase name="lateral">
						<!--SimulaConstant  name="branchingFrequency" unit="cm">0.4</SimulaConstant-->
					<SimulaStochastic
						name="branchingFrequency"
						unit="cm"
						distribution="uniform"
						minimum="0.1"
						maximum="0.3" />
					<SimulaConstant
						name="lengthRootTip"
						unit="cm">
						10.93<!--original value: 10.93 cm-->
					</SimulaConstant>
					<SimulaConstant
						name="allowBranchesToFormAboveGround"
						type="bool">false</SimulaConstant>
				</SimulaBase>
			</SimulaBase>
			<SimulaConstant
				name="density"
				unit="g/cm3">
				0.094 <!-- primary maize root 0.94 dry weight / fresh weight 1. Ali M. Pahlavanian and Wendy Kuhn Silk, “Effect of Temperature on Spatial and Temporal Aspects of Growth in the Primary Maize Root ,” Plant Physiol. 87, no. 2 (June 1, 1988): 529-532.-->
			</SimulaConstant>
		</SimulaBase>
		<SimulaBase
			name="lateralOfCrownRoots"
			objectGenerator="copyDefaults">
			<SimulaConstant
				type="int"
				name="rootClassID"
				note="for visualization output only">98</SimulaConstant>
			<SimulaBase name="branchList">
				<SimulaBase name="lateral">
					<!--///@todo: these may actually be thicker and longer roots-->
					<SimulaStochastic
						name="branchingFrequency"
						unit="cm"
						distribution="uniform"
						minimum="0.25"
						maximum="0.35" />
					<SimulaConstant
						name="lengthRootTip"
						unit="cm"> 5</SimulaConstant>
					<SimulaConstant
						name="allowBranchesToFormAboveGround"
						type="bool">false</SimulaConstant>
				</SimulaBase>
			</SimulaBase>
			<SimulaConstant
				name="density"
				unit="g/cm3">
				0.094 <!-- primary maize root 0.94 dry weight / fresh weight 1. Ali M. Pahlavanian and Wendy Kuhn Silk, “Effect of Temperature on Spatial and Temporal Aspects of Growth in the Primary Maize Root ,” Plant Physiol. 87, no. 2 (June 1, 1988): 529-532.-->
			</SimulaConstant>
		</SimulaBase>
		<SimulaBase
			name="lateral"
			objectGenerator="copyDefaults">
			<SimulaConstant
				type="int"
				name="rootClassID"
				note="for visualization output only">98</SimulaConstant>
			<SimulaBase name="branchList">
				<SimulaBase name="finelateral">
					<SimulaStochastic
						name="branchingFrequency"
						unit="cm"
						distribution="uniform"
						minimum="0.15"
						maximum="0.35" />
					<SimulaConstant
						name="lengthRootTip"
						unit="cm"> 4</SimulaConstant>
					<SimulaConstant
						name="allowBranchesToFormAboveGround"
						type="bool">false</SimulaConstant>
				</SimulaBase>
			</SimulaBase>
			<SimulaConstant
				name="density"
				unit="g/cm3">
				0.094 <!-- primary maize root 0.94 dry weight / fresh weight 1. Ali M. Pahlavanian and Wendy Kuhn Silk, “Effect of Temperature on Spatial and Temporal Aspects of Growth in the Primary Maize Root ,” Plant Physiol. 87, no. 2 (June 1, 1988): 529-532.-->
			</SimulaConstant>
		</SimulaBase>
		<SimulaBase
			name="finelateral"
			objectGenerator="copyDefaults">
			<SimulaConstant
				type="int"
				name="rootClassID"
				note="for visualization output only">98</SimulaConstant>
			<SimulaBase name="branchList">
				<SimulaBase name="finelateral2">
						<!--SimulaConstant  name="branchingFrequency" unit="cm">0.5</SimulaConstant-->
					<SimulaStochastic
						name="branchingFrequency"
						unit="cm"
						distribution="uniform"
						minimum="0.4"
						maximum="0.6" />
					<SimulaConstant
						name="lengthRootTip"
						unit="cm"> 1.5</SimulaConstant>
					<SimulaConstant
						name="allowBranchesToFormAboveGround"
						type="bool">false</SimulaConstant>
				</SimulaBase>
			</SimulaBase>
			<SimulaConstant
				name="density"
				unit="g/cm3">
				0.094 <!-- primary maize root 0.94 dry weight / fresh weight 1. Ali M. Pahlavanian and Wendy Kuhn Silk, “Effect of Temperature on Spatial and Temporal Aspects of Growth in the Primary Maize Root ,” Plant Physiol. 87, no. 2 (June 1, 1988): 529-532.-->
			</SimulaConstant>
		</SimulaBase>
		<SimulaBase
			name="finelateral2"
			objectGenerator="copyDefaults">
			<SimulaConstant
				type="int"
				name="rootClassID"
				note="for visualization output only">98</SimulaConstant>
			<SimulaBase name="branchList">
			</SimulaBase>
			<SimulaConstant
				name="density"
				unit="g/cm3">
				0.094 <!-- primary maize root 0.94 dry weight / fresh weight 1. Ali M. Pahlavanian and Wendy Kuhn Silk, “Effect of Temperature on Spatial and Temporal Aspects of Growth in the Primary Maize Root ,” Plant Physiol. 87, no. 2 (June 1, 1988): 529-532.-->
			</SimulaConstant>
		</SimulaBase>
		<SimulaIncludeFile fileName="plantParameters/Maize/Maize/resources.xml" />
		<SimulaIncludeFile fileName="plantParameters/Maize/Maize/stressImpact.xml" />
		<SimulaIncludeFile fileName="plantParameters/Maize/Maize/phosphorus.xml" />
		<SimulaIncludeFile fileName="plantParameters/Maize/Maize/nitrate.xml" />
		<SimulaIncludeFile fileName="plantParameters/Maize/Maize/potassium.xml" />
		<SimulaIncludeFile fileName="plantParameters/Maize/36H56/aerenchyma.xml" />
		<SimulaIncludeFile fileName="plantParameters/Maize/Maize/respiration.xml" />
		<SimulaIncludeFile fileName="plantParameters/Maize/Maize/exudates.xml" />
		<SimulaIncludeFile fileName="plantParameters/Maize/36H56/growthrates.xml" />
		<SimulaIncludeFile fileName="plantParameters/Maize/Maize/rootHairs.xml" />
		<SimulaIncludeFile fileName="plantParameters/Maize/Maize/angles.xml" />
		<SimulaIncludeFile
			fileName="plantParameters/Maize/Maize/includeTopBoundary.xml" />
		<SimulaIncludeFile
			fileName="plantParameters/Maize/Maize/keepRootsInsideBox.xml" />
		<SimulaIncludeFile
			fileName="plantParameters/Maize/Maize/hydraulicConductivity.xml" />
	</SimulaBase>
</SimulationModelIncludeFile>