<?xml version="1.0" encoding="UTF-8"?>
<!--?xml-stylesheet type="text/xsl" href="tree-view2.xsl"? -->
<!--
Copyright © 2016, The Pennsylvania State University
All rights reserved.

Copyright © 2016 Forschungszentrum Jülich GmbH
All rights reserved.

Redistribution and use in source and binary forms, with or without modification, are permitted under the GNU General Public License v3 and provided that the following conditions are met:
1. Redistributions of source code must retain the above copyright notice, this list of conditions and the following disclaimer.
2. Redistributions in binary form must reproduce the above copyright notice, this list of conditions and the following disclaimer in the documentation and/or other materials provided with the distribution.
3. Neither the name of the copyright holder nor the names of its contributors may be used to endorse or promote products derived from this software without specific prior written permission.

Disclaimer
THIS SOFTWARE IS PROVIDED BY THE COPYRIGHT HOLDERS AND CONTRIBUTORS "AS IS" AND ANY EXPRESS OR IMPLIED WARRANTIES, INCLUDING, BUT NOT LIMITED TO, THE IMPLIED WARRANTIES OF MERCHANTABILITY AND FITNESS FOR A PARTICULAR PURPOSE ARE DISCLAIMED. IN NO EVENT SHALL THE COPYRIGHT HOLDER OR CONTRIBUTORS BE LIABLE FOR ANY DIRECT, INDIRECT, INCIDENTAL, SPECIAL, EXEMPLARY, OR CONSEQUENTIAL DAMAGES (INCLUDING, BUT NOT LIMITED TO, PROCUREMENT OF SUBSTITUTE GOODS OR SERVICES; LOSS OF USE, DATA, OR PROFITS; OR BUSINESS INTERRUPTION) HOWEVER CAUSED AND ON ANY THEORY OF LIABILITY, WHETHER IN CONTRACT, STRICT LIABILITY, OR TORT (INCLUDING NEGLIGENCE OR OTHERWISE) ARISING IN ANY WAY OUT OF THE USE OF THIS SOFTWARE, EVEN IF ADVISED OF THE POSSIBILITY OF SUCH DAMAGE.

You should have received the GNU GENERAL PUBLIC LICENSE v3 with this file in license.txt but can also be found at http://www.gnu.org/licenses/gpl-3.0.en.html

 -->

<SimulationModelIncludeFile>
	<SimulaDirective path="environment/soil">
		<SimulaBase name="phosphorus">
			<!--depth: negative is below ground, 0 is soil surface -->
			<SimulaTable
				name_colum1="depth"
				unit_colum1="cm"
				name_colum2="concentration"
				unit_colum2="uMol/ml">
				<!--barber 1995 lists 13.6 uMol/l = 13.6e-3 uMol/ml-->
				<!--severe stress-->
				1000 0 0.00001 0 0 1.e-3 -1000 1.e-3
			</SimulaTable>
			<SimulaTable
				name_colum1="depth"
				unit_colum1="cm"
				name_colum2="diffusionCoefficient"
				unit_colum2="cm2/day">
				<!--Note, this is effective diffusion coefficient-->
				<!--Source: barber 1995, page 223 De=2.3E-9 cm2/s = 1.9872e-4 cm2/day -->
				<!--Source: Bhadoria, P. B. S., J. Kaselowsky, N. Claassen, and A. Jungk. 1991. “Soil Phosphate Diffusion Coefficients: Their Dependence on Phosphorus Concentration and Buffer Power.” Soil Sci Soc Am J 55:56-60.
				    De: low, middle, and high p: 2.2, 6, 13.9 * e-9 cm2/s
				    desorption bufferpower ranges from 400-1 with higher values representing soils with lower P
				    -->
				1000 1.9872E-4 -0 1.9872E-4 -1000 1.9872E-4
			</SimulaTable>
			<SimulaTable
				name_colum1="depth"
				unit_colum1="cm"
				name_colum2="bufferPower"
				unit_colum2="noUnit">
				<!--note: this is Psolidphase/Psolution-->
				<!--Source: baraber 1995, page 223 b=163-->
				<!--400-1 for source see De-->
				<!--400*0.18=120, this is now corrected for volumetric water content, see water-->
				1000 400 -1000 400
			</SimulaTable>
				<!--note that these parameters define the spatial configuration of barber-cushman and 
				thereby can, together with the timestep, significantly effect memory use, performance
				 and accuracy of the data -->
				 <!--make sure you take roothair length into account here-->
			<SimulaConstant
				name="r1-r0"
				unit="cm"> 0.3
			</SimulaConstant>
				<!--SimulaConstant name="dr" unit="cm"> 0.01 </SimulaConstant-->
			<SimulaConstant name="increaseTimeStep">1.1
			</SimulaConstant>
		</SimulaBase>
	</SimulaDirective>
</SimulationModelIncludeFile>